loss,particle_output_loss,angle_output_loss,energy_output_loss,particle_output_f1_score,angle_output_mae,energy_output_mae,val_loss,val_particle_output_loss,val_angle_output_loss,val_energy_output_loss,val_particle_output_f1_score,val_angle_output_mae,val_energy_output_mae,lr
3.8347771167755127,0.528415858745575,1.81272292137146,1.1366698741912842,0.7966868877410889,2.2503626346588135,1.5412120819091797,2.0603301525115967,0.39133474230766296,1.2261645793914795,0.39957720041275024,0.8724170327186584,1.656984567642212,0.7784923911094666,0.0005
1.8316361904144287,0.3321320414543152,1.0009464025497437,0.42094165086746216,0.875455379486084,1.416051983833313,0.7984921336174011,2.3355095386505127,0.22989344596862793,1.6113814115524292,0.39079442620277405,0.9252158403396606,2.050452709197998,0.7637377381324768,0.0005
1.6328628063201904,0.29516807198524475,0.8381327390670776,0.41175293922424316,0.8943619728088379,1.2423707246780396,0.7878115177154541,1.4800649881362915,0.21422003209590912,0.7804549336433411,0.380718857049942,0.9287539720535278,1.1952128410339355,0.759624183177948,0.0005
1.4833524227142334,0.28066393733024597,0.7133356928825378,0.40107864141464233,0.8991398811340332,1.1087415218353271,0.7781250476837158,1.689478874206543,0.24527102708816528,0.9788533449172974,0.375642329454422,0.9219881296157837,1.4065439701080322,0.7581835985183716,0.0005
1.3943506479263306,0.2639734148979187,0.6506859064102173,0.390187531709671,0.9050848484039307,1.0385228395462036,0.7672865986824036,1.3934687376022339,0.23664356768131256,0.694995641708374,0.3709911108016968,0.9243752956390381,1.093377947807312,0.7518448829650879,0.0005
1.3168346881866455,0.2439155876636505,0.5978472232818604,0.38175931572914124,0.9134792685508728,0.9806901812553406,0.7574856877326965,1.9607175588607788,0.2735902667045593,1.2659275531768799,0.35375741124153137,0.9188472032546997,1.7258484363555908,0.7329036593437195,0.0005
1.2573350667953491,0.23725730180740356,0.5535891056060791,0.3742600679397583,0.9172957539558411,0.930092990398407,0.7500342130661011,1.2414038181304932,0.19147174060344696,0.5880177021026611,0.3590022623538971,0.9338383674621582,0.9671096205711365,0.738923192024231,0.0005
1.2261170148849487,0.2225411832332611,0.5416140556335449,0.36731812357902527,0.9221316576004028,0.9181700348854065,0.7411013245582581,1.2569580078125,0.1806388944387436,0.613588809967041,0.3566572666168213,0.9419184923171997,0.9944358468055725,0.7280666828155518,0.0005
1.1778074502944946,0.20741420984268188,0.5087135434150696,0.36309686303138733,0.9276752471923828,0.881808340549469,0.7371374368667603,1.5292247533798218,0.17214198410511017,0.9023551940917969,0.34905681014060974,0.9449371695518494,1.3109124898910522,0.7266016006469727,0.0005
1.1227458715438843,0.1958259642124176,0.4666212201118469,0.35908570885658264,0.9332481622695923,0.8314040303230286,0.7324449419975281,1.2431645393371582,0.17239314317703247,0.6109131574630737,0.35254359245300293,0.9459203481674194,0.9990257620811462,0.7314852476119995,0.0005
1.083348035812378,0.19211843609809875,0.43740904331207275,0.35377880930900574,0.9348201155662537,0.7963071465492249,0.7262147068977356,1.2109038829803467,0.21101272106170654,0.5750318169593811,0.3395092785358429,0.9350582361221313,0.955054759979248,0.71843022108078,0.0005
1.035558819770813,0.17682689428329468,0.40707072615623474,0.3482620418071747,0.9401698708534241,0.7609400153160095,0.7198622226715088,1.019627332687378,0.18262717127799988,0.40579918026924133,0.3361679017543793,0.9445204734802246,0.7621160745620728,0.7042765617370605,0.0005
1.0022653341293335,0.16818930208683014,0.39015844464302063,0.3407957851886749,0.9426940679550171,0.7408609390258789,0.7099953293800354,0.9815051555633545,0.22390104830265045,0.35705479979515076,0.3267397880554199,0.922796368598938,0.7021265029907227,0.6916326284408569,0.0005
0.9691197276115417,0.15809981524944305,0.3776383697986603,0.33108094334602356,0.9471876621246338,0.725905179977417,0.6973031163215637,1.0328991413116455,0.21565474569797516,0.42080363631248474,0.3218021094799042,0.939393937587738,0.7746659517288208,0.6913365721702576,0.0005
0.932872474193573,0.14998206496238708,0.3594115078449249,0.32231393456459045,0.949634850025177,0.7040157914161682,0.6861520409584045,1.5518131256103516,0.24046796560287476,0.9060700535774231,0.33430859446525574,0.906034529209137,1.3452714681625366,0.6893255710601807,0.0005
0.8967590928077698,0.14380085468292236,0.34217411279678345,0.3122023344039917,0.9529815316200256,0.6839759349822998,0.6729641556739807,1.008481502532959,0.136867955327034,0.47355106472969055,0.3018733859062195,0.9535542726516724,0.8444322347640991,0.6633617281913757,0.0005
0.8583407998085022,0.12775231897830963,0.3322826325893402,0.2996043562889099,0.958126962184906,0.6718881726264954,0.6554747819900513,1.4001147747039795,0.14678138494491577,0.8321072459220886,0.31995919346809387,0.9520070552825928,1.247305989265442,0.6645501852035522,0.0005
0.8201560378074646,0.12027193605899811,0.3131480813026428,0.2898973524570465,0.9609323143959045,0.6465249061584473,0.6420680284500122,0.9078954458236694,0.16442905366420746,0.3553204834461212,0.3026118278503418,0.9515847563743591,0.6985418796539307,0.6609470844268799,0.0005
0.7935464382171631,0.11568643152713776,0.30680230259895325,0.27822160720825195,0.9617634415626526,0.6401255130767822,0.6260519027709961,0.9253979921340942,0.18947315216064453,0.38227733969688416,0.2862910330295563,0.9379487633705139,0.7407601475715637,0.6263940334320068,0.0005
0.7556033730506897,0.10529326647520065,0.29195302724838257,0.26698294281959534,0.9647387862205505,0.6204294562339783,0.6103360056877136,0.8975003957748413,0.1402977555990219,0.38882148265838623,0.2830003798007965,0.9591116905212402,0.7403507232666016,0.6286172270774841,0.0005
0.7263080477714539,0.09692444652318954,0.2779989540576935,0.26010242104530334,0.9683295488357544,0.6026342511177063,0.6003612279891968,1.211693286895752,0.17107857763767242,0.6840512156486511,0.28333011269569397,0.9481086730957031,1.102614164352417,0.6317799687385559,0.0005
0.7058898210525513,0.0944061353802681,0.2714936435222626,0.2518349885940552,0.9688460230827332,0.5946765542030334,0.5877174139022827,0.9928345084190369,0.13407084345817566,0.456621378660202,0.3038470447063446,0.9615485668182373,0.8210461139678955,0.6573684811592102,0.0005
0.6773715615272522,0.0878116562962532,0.26241299510002136,0.24151445925235748,0.9712036848068237,0.5831432342529297,0.5730907320976257,0.9145193099975586,0.17160727083683014,0.40783417224884033,0.26914697885513306,0.9514763355255127,0.7555373907089233,0.5997601747512817,0.0005
0.6604567170143127,0.07829155027866364,0.2621103823184967,0.23424755036830902,0.9744086861610413,0.583349347114563,0.5624275207519531,0.8494458198547363,0.13616028428077698,0.3452486991882324,0.2816672921180725,0.9617262482643127,0.68610680103302,0.6333139538764954,0.0005
0.633173406124115,0.07590728998184204,0.24637164175510406,0.22750455141067505,0.9751402735710144,0.5615144968032837,0.5519912838935852,0.8056203126907349,0.17068246006965637,0.3039812743663788,0.26615285873413086,0.9509912133216858,0.6275211572647095,0.5942881107330322,0.0005
0.6108772158622742,0.07123290002346039,0.2428654134273529,0.2168479859828949,0.9762108325958252,0.5578765273094177,0.5362525582313538,0.7917699813842773,0.15284904837608337,0.3007585406303406,0.26620152592658997,0.9589685201644897,0.6172205209732056,0.5910452008247375,0.0005
0.5900634527206421,0.0653085708618164,0.23484772443771362,0.2106868177652359,0.9781738519668579,0.5459959506988525,0.527100145816803,0.90488201379776,0.15409331023693085,0.41685694456100464,0.2637125253677368,0.9566343426704407,0.7830855846405029,0.5812742114067078,0.0005
0.573657751083374,0.060402486473321915,0.2346235066652298,0.20186151564121246,0.9800567626953125,0.5463374853134155,0.5135636329650879,0.8004920482635498,0.12772472202777863,0.3305085301399231,0.26223260164260864,0.965036153793335,0.6678310632705688,0.5839894413948059,0.0005
0.5494992136955261,0.05789748579263687,0.2240448147058487,0.19381001591682434,0.9813635349273682,0.532197117805481,0.5009257197380066,0.8332262635231018,0.16590039432048798,0.32203659415245056,0.2744329571723938,0.950444221496582,0.6549429893493652,0.5869160890579224,0.0005
0.5284633040428162,0.050563372671604156,0.21617090702056885,0.18796978890895844,0.9830294251441956,0.521626889705658,0.492392897605896,0.8523449897766113,0.1409408301115036,0.34892937541007996,0.2792340815067291,0.9565059542655945,0.6820634007453918,0.6115840673446655,0.0005
0.5085442662239075,0.04889210686087608,0.2106676697731018,0.17902758717536926,0.9835802912712097,0.513260006904602,0.4783233106136322,0.752754271030426,0.1401868611574173,0.27823564410209656,0.26027095317840576,0.9633251428604126,0.5920751690864563,0.5687183141708374,0.0005
0.4853728711605072,0.04799913242459297,0.19736862182617188,0.1728028655052185,0.9838629364967346,0.4939221441745758,0.46954962611198425,0.9213809967041016,0.16657228767871857,0.39036881923675537,0.2873792052268982,0.9568448662757874,0.7402939200401306,0.6007534861564636,0.0005
0.4730333685874939,0.0445144847035408,0.19595131278038025,0.16691537201404572,0.9853318929672241,0.49251410365104675,0.459862619638443,0.7830747961997986,0.15520079433918,0.30548059940338135,0.2563156485557556,0.9666873216629028,0.6317731142044067,0.574734628200531,0.0005
0.4591449797153473,0.03994183614850044,0.19334684312343597,0.16122174263000488,0.986718475818634,0.48871472477912903,0.4510391652584076,0.7446742653846741,0.13339005410671234,0.27751216292381287,0.2580854296684265,0.9671052098274231,0.5860241651535034,0.5705228447914124,0.0005
0.44317489862442017,0.0394444465637207,0.18550004065036774,0.1560056209564209,0.9871869683265686,0.47798019647598267,0.4430401623249054,0.8278078436851501,0.3162151277065277,0.26693642139434814,0.24742819368839264,0.9228603839874268,0.5814584493637085,0.5623630285263062,0.0005
0.42786097526550293,0.038360439240932465,0.18235494196414948,0.1483268439769745,0.9870357513427734,0.47460684180259705,0.42958807945251465,0.7585552930831909,0.1532135158777237,0.2764846384525299,0.2600950002670288,0.9614205360412598,0.5869225859642029,0.5582991242408752,0.0005
0.4157108962535858,0.03262897953391075,0.1813020408153534,0.14322111010551453,0.9887347221374512,0.4732603132724762,0.4219092130661011,0.8507562279701233,0.16568826138973236,0.37126973271369934,0.25338220596313477,0.9630095362663269,0.724526047706604,0.5547841191291809,0.0005
0.4002009332180023,0.03182309865951538,0.1735471487045288,0.13837336003780365,0.989421010017395,0.4614516496658325,0.41496744751930237,0.738095760345459,0.1465289145708084,0.262689471244812,0.2583257853984833,0.9679413437843323,0.5653680562973022,0.5524550676345825,0.0005
0.3908061981201172,0.030745171010494232,0.1722453087568283,0.13340920209884644,0.9892456531524658,0.4594823122024536,0.4065082371234894,0.906736433506012,0.14498722553253174,0.39864498376846313,0.28073251247406006,0.9682356119155884,0.7488889694213867,0.5736132264137268,0.0005
0.3753761649131775,0.02931722067296505,0.16478565335273743,0.12866666913032532,0.9897237420082092,0.44839608669281006,0.3989044725894928,0.7756813168525696,0.14397525787353516,0.2952597439289093,0.2626909017562866,0.967208743095398,0.6099240183830261,0.5709508061408997,0.0005
0.3621060848236084,0.02541949413716793,0.16061854362487793,0.12415700405836105,0.9911144971847534,0.4422834813594818,0.3905746340751648,0.8194942474365234,0.19773821532726288,0.32069918513298035,0.25343456864356995,0.9597564935684204,0.6435753107070923,0.5422324538230896,0.0005
0.36129164695739746,0.02532585710287094,0.16465553641319275,0.12096048146486282,0.9914425015449524,0.4486089050769806,0.3865695595741272,0.7599835395812988,0.19486290216445923,0.2591244578361511,0.2559607923030853,0.9665717482566833,0.5588998198509216,0.5616077184677124,0.0005
0.34660130739212036,0.025284038856625557,0.1555159091949463,0.11727674305438995,0.9914594292640686,0.4359634816646576,0.38038918375968933,0.7872346043586731,0.14780424535274506,0.3080873489379883,0.2603093981742859,0.9669877886772156,0.6292436718940735,0.549321174621582,0.0005
0.3358643054962158,0.02509673684835434,0.1511141061782837,0.11312825232744217,0.9915924072265625,0.4286622405052185,0.37200474739074707,0.93948894739151,0.1681780070066452,0.442947655916214,0.2637563645839691,0.9674948453903198,0.8177188038825989,0.5533163547515869,0.0005
0.3314139246940613,0.023056702688336372,0.15196499228477478,0.11040998250246048,0.9926984906196594,0.43016156554222107,0.3682081699371338,0.7553284168243408,0.1593104600906372,0.2644575238227844,0.26352304220199585,0.96591717004776,0.5701841711997986,0.5513383150100708,0.0005
0.2442835122346878,0.012640722095966339,0.10905720293521881,0.08509469032287598,0.9960057735443115,0.3584654629230499,0.3200248181819916,0.6863945722579956,0.15862397849559784,0.22278042137622833,0.24562649428844452,0.9710015058517456,0.4920474588871002,0.514733076095581,0.00025
0.22271116077899933,0.008397876285016537,0.104224793612957,0.07563203573226929,0.9973043203353882,0.3501402735710144,0.30112868547439575,0.7064701914787292,0.19964775443077087,0.23131915926933289,0.23690840601921082,0.9723922610282898,0.5115571618080139,0.5140823125839233,0.00025
0.21511614322662354,0.009239450097084045,0.09979356080293655,0.0731859877705574,0.9971323013305664,0.3429659903049469,0.29682618379592896,0.7120773792266846,0.19414009153842926,0.23168347775936127,0.2426067292690277,0.9707944393157959,0.5114487409591675,0.5053071975708008,0.00025
0.20524239540100098,0.008569438941776752,0.09653133898973465,0.06904631853103638,0.9969992637634277,0.33658069372177124,0.2884919047355652,0.7683998346328735,0.25113779306411743,0.23591265082359314,0.2545362710952759,0.969599723815918,0.5169917941093445,0.5245614051818848,0.00025
0.20006024837493896,0.008676009252667427,0.09428127110004425,0.06704892218112946,0.9970176219940186,0.33371883630752563,0.28396663069725037,0.7406134009361267,0.21305616199970245,0.25360894203186035,0.2394472360610962,0.9715507626533508,0.5479337573051453,0.5075626969337463,0.00025
0.19540667533874512,0.008447915315628052,0.09343092888593674,0.0646047443151474,0.9973807334899902,0.331958532333374,0.27923208475112915,0.7521674633026123,0.22892345488071442,0.2425219565629959,0.24819444119930267,0.9696434140205383,0.5296554565429688,0.5100711584091187,0.00025
0.1922634392976761,0.008172573521733284,0.09241491556167603,0.06329670548439026,0.9971703290939331,0.3294879198074341,0.27702876925468445,0.7488266825675964,0.2437637895345688,0.236021026968956,0.24436485767364502,0.9707580208778381,0.5209187865257263,0.5103158950805664,0.00025
0.18450646102428436,0.007541303522884846,0.08752435445785522,0.06163819506764412,0.9976866841316223,0.3208794593811035,0.27267730236053467,0.757596492767334,0.22084775567054749,0.26053714752197266,0.2430337518453598,0.9688630104064941,0.5598945021629333,0.5025839805603027,0.00025
0.1519707441329956,0.004219038411974907,0.07154097408056259,0.05193222314119339,0.9986617565155029,0.28833281993865967,0.2503089904785156,0.7421419024467468,0.2753336727619171,0.2173699587583542,0.23971441388130188,0.9683719277381897,0.4764508306980133,0.49615955352783203,0.000125
0.14385537803173065,0.003217032179236412,0.06910929083824158,0.048543866723775864,0.9988911747932434,0.2836337387561798,0.24229629337787628,0.7433070540428162,0.26216915249824524,0.22423413395881653,0.2411811351776123,0.9678980708122253,0.490649551153183,0.49839434027671814,0.000125
0.1394340544939041,0.0037758066318929195,0.06648146361112595,0.047124747186899185,0.9988145232200623,0.27773571014404297,0.23846954107284546,0.7723500728607178,0.28889694809913635,0.23492497205734253,0.24272491037845612,0.969572901725769,0.5108610391616821,0.49070870876312256,0.000125
0.13468582928180695,0.003560473443940282,0.06449032574892044,0.04537280276417732,0.9989102482795715,0.2731949985027313,0.23401688039302826,0.7767816781997681,0.30214056372642517,0.2186432182788849,0.2512360215187073,0.9704806208610535,0.48017051815986633,0.5052404999732971,0.000125
0.13385717570781708,0.0038775934372097254,0.06517864018678665,0.044234730303287506,0.9986233711242676,0.2751200497150421,0.23081423342227936,0.7479257583618164,0.2528005838394165,0.223435178399086,0.2485402524471283,0.9706537127494812,0.48984238505363464,0.497334748506546,0.000125
0.1307738572359085,0.003502536565065384,0.06276283413171768,0.04393961653113365,0.998929500579834,0.27033984661102295,0.2303021103143692,0.7750539183616638,0.29715028405189514,0.22754062712192535,0.24614883959293365,0.9694812297821045,0.49825143814086914,0.4943954050540924,0.000125
0.12902630865573883,0.0036095038522034883,0.062123823910951614,0.043157909065485,0.9987573623657227,0.2692074477672577,0.22816097736358643,0.7473487854003906,0.2592974007129669,0.22397910058498383,0.24519428610801697,0.9707030653953552,0.4895419180393219,0.49504730105400085,0.000125
0.11526323854923248,0.002478850306943059,0.054896291345357895,0.03925320878624916,0.9992352724075317,0.25182053446769714,0.217603400349617,0.7470841407775879,0.2816542983055115,0.2108808159828186,0.24480679631233215,0.9707528948783875,0.4558274447917938,0.4902304410934448,6.25e-05
