task,position,att_gamma,att_proton,delta_raw,delta_smooth,null_p95_abs,null_p95_abs_strat
Particle Classification,0,0.39288748,0.36925149,0.02363599,0.01516816,0.05124727,0.06382678
Particle Classification,1,0.17788034,0.15412358,0.02375676,0.00750113,0.03449778,0.04149799
Particle Classification,2,0.07676592,0.09558986,-0.01882394,0.00171999,0.01666219,0.02019829
Particle Classification,3,0.0545165,0.06921565,-0.01469915,-0.00147446,0.01433503,0.01203218
Particle Classification,4,0.03919104,0.04446074,-0.0052697,-0.00580987,0.01124626,0.01032459
Particle Classification,5,0.03949997,0.03183624,0.00766373,-0.00315563,0.00912089,0.0107617
Particle Classification,6,0.02352885,0.02144916,0.00207969,-0.00042091,0.00739321,0.00806714
Particle Classification,7,0.02226361,0.0278163,-0.0055527,-0.00201467,0.00724933,0.00792206
Particle Classification,8,0.01353431,0.01455988,-0.00102558,-0.00439888,0.00591992,0.00659366
Particle Classification,9,0.01036,0.0235985,-0.0132385,-0.00441611,0.00539843,0.00563669
Particle Classification,10,0.01219807,0.01645537,-0.00425731,-0.00424124,0.00586293,0.00564038
Particle Classification,11,0.01127791,0.00928438,0.00199353,-0.00411147,0.00555934,0.00559601
Particle Classification,12,0.01137373,0.01605206,-0.00467833,-0.00160569,0.00438525,0.00476729
Particle Classification,13,0.00700132,0.00737808,-0.00037676,-0.00112913,0.00414916,0.00446662
Particle Classification,14,0.00430727,0.00501685,-0.00070959,-0.00099176,0.00412819,0.00418407
Particle Classification,15,0.00533046,0.00720494,-0.00187448,0.00019763,0.00255571,0.00282925
Particle Classification,16,0.00681091,0.00413055,0.00268035,0.00013824,0.00267241,0.00269826
Particle Classification,17,0.00712013,0.00585149,0.00126864,-0.00141497,0.0040559,0.0036039
Particle Classification,18,0.00484313,0.00551685,-0.00067372,-0.00128725,0.00401457,0.00373956
Particle Classification,19,0.00378462,0.01226027,-0.00847565,-0.00174082,0.00363189,0.00357418
Particle Classification,20,0.00364201,0.00487789,-0.00123588,-0.00243665,0.003629,0.0032918
Particle Classification,21,0.00354669,0.00313417,0.00041252,-0.00253825,0.00333486,0.00321954
Particle Classification,22,0.00262411,0.00483462,-0.00221051,-0.00085419,0.00212852,0.00207768
Particle Classification,23,0.00431148,0.0054932,-0.00118173,-0.00224331,0.00294329,0.00273506
Particle Classification,24,0.00238404,0.00243937,-5.533e-05,-0.00215068,0.00292571,0.00277115
Particle Classification,25,0.0022556,0.0104371,-0.0081815,-0.00214473,0.00309333,0.00277178
Particle Classification,26,0.00265511,0.00177943,0.00087568,-0.0018891,0.00282098,0.00274143
Particle Classification,27,0.00183577,0.00401655,-0.00218078,-0.00220456,0.00336374,0.00321999
Particle Classification,28,0.00175626,0.00165983,9.643e-05,-0.00012584,0.0018384,0.00204383
Particle Classification,29,0.00231368,0.0039463,-0.00163263,1.339e-05,0.00191391,0.00211381
Particle Classification,30,0.00289679,0.0006847,0.0022121,0.00069247,0.00165898,0.00190686
Particle Classification,31,0.00231567,0.00074386,0.00157181,0.00081538,0.00147045,0.00179606
Particle Classification,32,0.00286733,0.0016527,0.00121464,0.0010118,0.00114901,0.00132956
Particle Classification,33,0.0013337,0.00062274,0.00071096,0.00063769,0.00105611,0.00122553
Particle Classification,34,0.00107686,0.00172739,-0.00065053,0.00040328,0.0010596,0.00111936
Particle Classification,35,0.00126969,0.00092813,0.00034155,0.00031246,0.00091871,0.00091496
Particle Classification,36,0.00171556,0.00131581,0.00039976,0.00030066,0.00124079,0.0012107
Particle Classification,37,0.00144947,0.00068894,0.00076053,0.00054703,0.00117523,0.00113712
Particle Classification,38,0.00231969,0.00166769,0.000652,0.00033198,0.00127735,0.00120887
Particle Classification,39,0.00144385,0.00086255,0.0005813,0.00026506,0.00110145,0.00103685
Particle Classification,40,0.00124352,0.00197721,-0.00073369,0.00026917,0.00112685,0.00118114
Particle Classification,41,0.00099703,0.00093189,6.514e-05,0.00038293,0.00084074,0.00092829
Particle Classification,42,0.00150935,0.00072826,0.00078109,0.0003664,0.00075693,0.00085575
Particle Classification,43,0.00152815,0.00030732,0.00122083,0.00060329,0.00060361,0.00078685
Particle Classification,44,0.00082073,0.00032212,0.00049861,0.00057958,0.00066889,0.00078225
Particle Classification,45,0.00112377,0.00067301,0.00045076,0.00073542,0.00074002,0.0008161
Particle Classification,46,0.00063849,0.00069188,-5.339e-05,0.0005941,0.00071882,0.00075645
Particle Classification,47,0.00209466,0.00053436,0.0015603,0.00079833,0.0007592,0.00081279
Particle Classification,48,0.00073572,0.00022153,0.00051419,0.00082194,0.00079482,0.00084846
Particle Classification,49,0.00174274,0.00022293,0.00151981,0.00109442,0.00089927,0.00098124
Particle Classification,50,0.00112541,0.00055664,0.00056877,0.00086532,0.00071207,0.00078816
Particle Classification,51,0.0017431,0.00043406,0.00130904,0.00089813,0.00075952,0.00090231
Particle Classification,52,0.00067687,0.00026208,0.00041479,0.00051606,0.00087241,0.00093498
Particle Classification,53,0.00125807,0.00057983,0.00067824,0.0004356,0.00084575,0.00088479
Particle Classification,54,0.00110371,0.00149426,-0.00039055,0.00024604,0.00072962,0.00080468
Particle Classification,55,0.00045157,0.00028511,0.00016646,0.00024659,0.00075187,0.00083008
Particle Classification,56,0.00079972,0.00043849,0.00036123,3.802e-05,0.00065927,0.00071068
Particle Classification,57,0.00068292,0.00026533,0.00041759,0.00011169,0.00043725,0.00048693
Particle Classification,58,0.00041767,0.00078232,-0.00036465,7.396e-05,0.00047813,0.00050078
Particle Classification,59,0.00049356,0.00051574,-2.218e-05,-2.72e-06,0.00043647,0.00045232
Angle Reconstruction,0,0.00036933,0.00251625,-0.00214692,-0.00189144,0.00150981,0.00176246
Angle Reconstruction,1,0.00176634,0.00304255,-0.00127621,-0.00194092,0.00160178,0.00185864
Angle Reconstruction,2,0.0004489,0.00218916,-0.00174026,-0.0016084,0.00142514,0.0016659
Angle Reconstruction,3,0.00016814,0.00256246,-0.00239432,-0.00250217,0.00205926,0.00237835
Angle Reconstruction,4,0.00037417,0.00085845,-0.00048428,-0.00297532,0.00247118,0.00267831
Angle Reconstruction,5,0.00049839,0.0071142,-0.00661581,-0.00279204,0.002475,0.00271598
Angle Reconstruction,6,0.00085583,0.00449776,-0.00364193,-0.00322134,0.00246034,0.00282971
Angle Reconstruction,7,0.00082049,0.00164437,-0.00082388,-0.00378,0.002732,0.00342525
Angle Reconstruction,8,0.00069205,0.00523287,-0.00454082,-0.00401339,0.00321857,0.00394725
Angle Reconstruction,9,0.00107417,0.00435176,-0.00327759,-0.00337474,0.00295719,0.00367771
Angle Reconstruction,10,0.00084291,0.00862564,-0.00778273,-0.00332184,0.00320808,0.00393312
Angle Reconstruction,11,0.00203468,0.00248334,-0.00044866,-0.00355384,0.00324801,0.00412525
Angle Reconstruction,12,0.00294203,0.00350143,-0.0005594,-0.00409521,0.0037091,0.00452557
Angle Reconstruction,13,0.00212827,0.00782908,-0.00570081,-0.00328266,0.00326336,0.00450207
Angle Reconstruction,14,0.00425133,0.01023578,-0.00598445,-0.00420361,0.00393459,0.00570035
Angle Reconstruction,15,0.00280545,0.00652541,-0.00371996,-0.00472732,0.00563946,0.00747103
Angle Reconstruction,16,0.00434528,0.0093987,-0.00505342,-0.00434259,0.0059894,0.00782978
Angle Reconstruction,17,0.00804586,0.0112238,-0.00317794,-0.00379355,0.00526177,0.0075063
Angle Reconstruction,18,0.00414231,0.00791949,-0.00377718,-0.00419934,0.00531998,0.00835227
Angle Reconstruction,19,0.00662521,0.00986448,-0.00323927,-0.00387856,0.00462519,0.00821504
Angle Reconstruction,20,0.00891128,0.01466016,-0.00574888,-0.00421942,0.00451399,0.00768389
Angle Reconstruction,21,0.0078388,0.01128832,-0.00344952,-0.00483307,0.00489159,0.00851083
Angle Reconstruction,22,0.00805702,0.01293925,-0.00488224,-0.00522771,0.00547621,0.01093339
Angle Reconstruction,23,0.00820717,0.01505262,-0.00684545,-0.00563047,0.00594702,0.01153317
Angle Reconstruction,24,0.01593212,0.02114458,-0.00521246,-0.00863225,0.00811505,0.01462529
Angle Reconstruction,25,0.01266953,0.02043221,-0.00776268,-0.00920796,0.0093539,0.0160482
Angle Reconstruction,26,0.01349096,0.03194937,-0.01845841,-0.01010595,0.00971734,0.01625914
Angle Reconstruction,27,0.0154079,0.02316872,-0.00776082,-0.01165721,0.01090356,0.01823068
Angle Reconstruction,28,0.01236288,0.02369825,-0.01133537,-0.01046428,0.01115431,0.0187625
Angle Reconstruction,29,0.01934776,0.03231655,-0.01296879,-0.00927714,0.01103809,0.01981876
Angle Reconstruction,30,0.02266019,0.02445819,-0.001798,-0.01152225,0.01161371,0.02094146
Angle Reconstruction,31,0.01897762,0.03150033,-0.01252271,-0.00972541,0.01124433,0.02108741
Angle Reconstruction,32,0.01419616,0.03318252,-0.01898637,-0.00824008,0.01220635,0.02038968
Angle Reconstruction,33,0.02274377,0.02509497,-0.00235121,-0.00852925,0.01214032,0.01871754
Angle Reconstruction,34,0.02444404,0.02998615,-0.00554211,-0.00689762,0.01175354,0.01722871
Angle Reconstruction,35,0.02014432,0.02338817,-0.00324384,-0.00326751,0.01235182,0.01566673
Angle Reconstruction,36,0.01280607,0.01717067,-0.0043646,-0.00625411,0.01146379,0.01425852
Angle Reconstruction,37,0.01975856,0.02059435,-0.00083579,-0.00596514,0.01005019,0.01220889
Angle Reconstruction,38,0.0074563,0.02474052,-0.01728422,-0.00702518,0.00958778,0.01236573
Angle Reconstruction,39,0.01256678,0.01666402,-0.00409724,-0.00848991,0.01001273,0.01351946
Angle Reconstruction,40,0.01076492,0.01930898,-0.00854406,-0.01061178,0.00922742,0.01407346
Angle Reconstruction,41,0.01456435,0.0262526,-0.01168824,-0.00971192,0.00901758,0.01361427
Angle Reconstruction,42,0.01517833,0.02662349,-0.01144516,-0.01301818,0.00993062,0.01764328
Angle Reconstruction,43,0.01156144,0.02434632,-0.01278488,-0.01243338,0.01056458,0.01758181
Angle Reconstruction,44,0.02083155,0.04146012,-0.02062857,-0.01219442,0.01038208,0.01717045
Angle Reconstruction,45,0.01896975,0.02458982,-0.00562007,-0.01253625,0.0110679,0.01713552
Angle Reconstruction,46,0.01551784,0.02601126,-0.01049342,-0.01226129,0.0110292,0.01715071
Angle Reconstruction,47,0.01486633,0.02802065,-0.01315432,-0.00997581,0.0094088,0.01398638
Angle Reconstruction,48,0.01062924,0.02203929,-0.01141006,-0.01119547,0.0090486,0.01397756
Angle Reconstruction,49,0.01261053,0.02181171,-0.00920118,-0.0111734,0.00997452,0.01385792
Angle Reconstruction,50,0.01114758,0.02286596,-0.01171839,-0.01155178,0.00913628,0.01371333
Angle Reconstruction,51,0.01547567,0.02585872,-0.01038305,-0.00928412,0.01011273,0.01425258
Angle Reconstruction,52,0.00741687,0.0224631,-0.01504623,-0.01039045,0.00914761,0.01468101
Angle Reconstruction,53,0.01793231,0.01800405,-7.174e-05,-0.00950369,0.00897414,0.01425035
Angle Reconstruction,54,0.01220871,0.02694158,-0.01473287,-0.01220616,0.00815956,0.01319966
Angle Reconstruction,55,0.01003194,0.01731652,-0.00728458,-0.011946,0.01021972,0.01613144
Angle Reconstruction,56,0.01306494,0.03696034,-0.0238954,-0.01283985,0.01080559,0.01589154
Angle Reconstruction,57,0.01524799,0.02899339,-0.0137454,-0.01063045,0.01131811,0.01697731
Angle Reconstruction,58,0.01743173,0.02197273,-0.004541,-0.0099107,0.01441181,0.02237446
Angle Reconstruction,59,0.02443341,0.02811926,-0.00368585,-0.00586879,0.01823184,0.0265542
Energy Estimation,0,0.00474148,0.01116444,-0.00642296,-0.00705449,0.00450128,0.00541481
Energy Estimation,1,0.00281045,0.01083057,-0.00802012,-0.00652425,0.0040514,0.00470575
Energy Estimation,2,0.00262382,0.01060729,-0.00798347,-0.00668801,0.00367378,0.00431034
Energy Estimation,3,0.0019691,0.00574084,-0.00377174,-0.00673697,0.00335284,0.0040594
Energy Estimation,4,0.0012345,0.00847625,-0.00724174,-0.00565464,0.00320418,0.00379261
Energy Estimation,5,0.00200751,0.00867529,-0.00666778,-0.00517931,0.00279258,0.00353297
Energy Estimation,6,0.00548116,0.00808961,-0.00260845,-0.00574466,0.00322282,0.00386454
Energy Estimation,7,0.00259852,0.00820535,-0.00560683,-0.00565585,0.00339888,0.004806
Energy Estimation,8,0.00248501,0.00908351,-0.00659851,-0.00562417,0.00329666,0.0047159
Energy Estimation,9,0.0039575,0.01075516,-0.00679766,-0.005894,0.00326877,0.00523325
Energy Estimation,10,0.00183209,0.00834147,-0.00650937,-0.00454228,0.00374955,0.00597014
Energy Estimation,11,0.00695712,0.01091475,-0.00395763,-0.00443431,0.00423131,0.00612583
Energy Estimation,12,0.01096718,0.00981543,0.00115175,-0.00493988,0.00408932,0.00647772
Energy Estimation,13,0.00641858,0.01247723,-0.00605865,-0.00539847,0.0039621,0.00669327
Energy Estimation,14,0.00499899,0.01432447,-0.00932549,-0.00454656,0.00386186,0.00690735
Energy Estimation,15,0.00512021,0.01392252,-0.00880231,-0.00743758,0.00510138,0.00784832
Energy Estimation,16,0.01040303,0.01010112,0.00030191,-0.00708668,0.00528271,0.00908741
Energy Estimation,17,0.00824557,0.02154895,-0.01330338,-0.0053324,0.00518031,0.00905754
Energy Estimation,18,0.0081022,0.01240631,-0.00430411,-0.00370098,0.00523251,0.01002558
Energy Estimation,19,0.012189,0.01274309,-0.00055409,-0.0053633,0.00615527,0.01073531
Energy Estimation,20,0.0153534,0.01599864,-0.00064524,-0.00128653,0.00587718,0.01078904
Energy Estimation,21,0.01309452,0.02110422,-0.0080097,-0.00329881,0.00655921,0.01245863
Energy Estimation,22,0.02049695,0.01341645,0.0070805,-0.00419114,0.00748313,0.01363181
Energy Estimation,23,0.01148326,0.02584879,-0.01436553,-0.00554138,0.00782324,0.01448408
Energy Estimation,24,0.02135681,0.02637256,-0.00501575,-0.00484716,0.00854718,0.01463569
Energy Estimation,25,0.01548832,0.02288476,-0.00739644,-0.00701994,0.00770544,0.01462199
Energy Estimation,26,0.01369811,0.0182367,-0.00453859,-0.00470383,0.00655902,0.01309121
Energy Estimation,27,0.01683163,0.02061501,-0.00378338,-0.00821322,0.00691335,0.0136467
Energy Estimation,28,0.0143056,0.0170906,-0.002785,-0.00794168,0.0065942,0.01332855
Energy Estimation,29,0.01096985,0.03353254,-0.0225627,-0.01000062,0.00707334,0.01412916
Energy Estimation,30,0.01496341,0.02100217,-0.00603876,-0.01199213,0.00755144,0.0143099
Energy Estimation,31,0.01135342,0.02618668,-0.01483326,-0.00961721,0.00874221,0.01622228
Energy Estimation,32,0.01579309,0.02953402,-0.01374093,-0.00533688,0.00890797,0.0155974
Energy Estimation,33,0.02776021,0.01867061,0.0090896,-0.00560621,0.0092477,0.01487994
Energy Estimation,34,0.01984452,0.02100557,-0.00116105,-0.0048941,0.00916642,0.01461973
Energy Estimation,35,0.01636195,0.02374737,-0.00738542,-0.00352926,0.00951297,0.01414218
Energy Estimation,36,0.01201553,0.02328821,-0.01127268,-0.00735802,0.0079754,0.01222973
Energy Estimation,37,0.01811878,0.02503555,-0.00691676,-0.00925248,0.00842726,0.0128857
Energy Estimation,38,0.01004632,0.02010049,-0.01005417,-0.0097385,0.00837092,0.01295138
Energy Estimation,39,0.01087736,0.02151074,-0.01063338,-0.00685003,0.00918676,0.01231944
Energy Estimation,40,0.00964146,0.01945698,-0.00981552,-0.00654533,0.00846453,0.01158966
Energy Estimation,41,0.02215318,0.0189835,0.00316968,-0.00528955,0.00784763,0.01053444
Energy Estimation,42,0.01233666,0.0177299,-0.00539324,-0.00405632,0.00863036,0.01212602
Energy Estimation,43,0.01510175,0.01887705,-0.00377529,-0.00279764,0.00881268,0.01234456
Energy Estimation,44,0.02197282,0.02644003,-0.00446721,-0.00473533,0.00790046,0.01207563
Energy Estimation,45,0.01481556,0.01833771,-0.00352215,-0.0031128,0.00844125,0.01290609
Energy Estimation,46,0.01119794,0.01771669,-0.00651874,-0.00356427,0.00789385,0.01241652
Energy Estimation,47,0.01836309,0.01564371,0.00271938,-0.00289849,0.00637773,0.01061391
Energy Estimation,48,0.00937717,0.01540982,-0.00603265,-0.0050031,0.00600911,0.01049678
Energy Estimation,49,0.01346967,0.01460794,-0.00113828,-0.00452865,0.00643683,0.00990777
Energy Estimation,50,0.0091417,0.02318692,-0.01404522,-0.00651445,0.00521696,0.00876361
Energy Estimation,51,0.00871581,0.0128623,-0.0041465,-0.00513656,0.00625425,0.01066653
Energy Estimation,52,0.0090841,0.01629369,-0.00720959,-0.00576503,0.00776005,0.01181983
Energy Estimation,53,0.02156488,0.02070808,0.0008568,-0.00621625,0.00907071,0.01301826
Energy Estimation,54,0.01963098,0.02391164,-0.00428066,-0.00707974,0.0095211,0.01494197
Energy Estimation,55,0.0108872,0.02718851,-0.01630131,-0.00872727,0.00982142,0.01665539
Energy Estimation,56,0.01878523,0.02724916,-0.00846394,-0.00841534,0.00918775,0.01560692
Energy Estimation,57,0.01328015,0.02872742,-0.01544727,-0.0082553,0.00760428,0.01348624
Energy Estimation,58,0.01036132,0.00794484,0.00241649,-0.00569113,0.0086907,0.01525846
Energy Estimation,59,0.01707558,0.02055604,-0.00348046,-0.00469443,0.00996925,0.01460012
