task,detector_id,x_center,y_center,att_gamma,att_proton,delta,null_p95_abs,null_p95_abs_strat,outside_null
Particle Classification,0,-38.25,-40.5,0.01335883,0.02606173,-0.01270289,0.0216348,0.02231293,False
Particle Classification,1,-38.25,-31.5,0.02577206,0.0200809,0.00569115,0.01906238,0.01755675,False
Particle Classification,2,-38.25,-22.5,0.04076196,0.01725269,0.02350926,0.02308277,0.02561078,False
Particle Classification,3,-38.25,-13.5,0.0470551,0.04450908,0.00254602,0.0319584,0.03579835,False
Particle Classification,4,-38.25,-4.5,0.04058295,0.04950286,-0.00891991,0.02922905,0.02731647,False
Particle Classification,5,-38.25,4.5,0.03759024,0.04613351,-0.00854327,0.02708862,0.02534837,False
Particle Classification,6,-38.25,13.5,0.03486461,0.01998198,0.01488262,0.02125512,0.01941598,False
Particle Classification,7,-38.25,22.5,0.02360791,0.01219843,0.01140948,0.02086535,0.01657688,False
Particle Classification,8,-38.25,31.5,0.00963682,0.01657889,-0.00694207,0.01009165,0.01093058,False
Particle Classification,9,-38.25,40.5,0.00906407,0.00795382,0.00111025,0.0065057,0.00729502,False
Particle Classification,10,-29.75,-40.5,0.01503967,0.00603461,0.00900506,0.01570447,0.0147943,False
Particle Classification,11,-29.75,-31.5,0.00632905,0.01171508,-0.00538604,0.00983805,0.00965577,False
Particle Classification,12,-29.75,-22.5,0.00842502,0.01603423,-0.00760921,0.01173406,0.01112986,False
Particle Classification,13,-29.75,-13.5,0.01662078,0.02770903,-0.01108825,0.01731763,0.01706826,False
Particle Classification,14,-29.75,-4.5,0.02056409,0.02078331,-0.00021922,0.01218446,0.01339737,False
Particle Classification,15,-29.75,4.5,0.01073314,0.02006191,-0.00932876,0.01181496,0.01080991,False
Particle Classification,16,-29.75,13.5,0.00685295,0.01474156,-0.00788861,0.00973403,0.01187512,False
Particle Classification,17,-29.75,22.5,0.00289023,0.01507371,-0.01218348,0.01052447,0.01068588,True
Particle Classification,18,-29.75,31.5,0.00149995,0.00628896,-0.00478901,0.0054356,0.00553001,False
Particle Classification,19,-29.75,40.5,0.00094676,0.00564714,-0.00470038,0.00443265,0.00467501,True
Particle Classification,20,-21.25,-40.5,0.00186029,0.00187156,-1.127e-05,0.00275387,0.00255142,False
Particle Classification,21,-21.25,-31.5,0.00176602,0.00492353,-0.00315751,0.00255566,0.00244282,True
Particle Classification,22,-21.25,-22.5,0.00676506,0.01098971,-0.00422465,0.01260331,0.01221456,False
Particle Classification,23,-21.25,-13.5,0.0048695,0.01056191,-0.0056924,0.00733322,0.00709753,False
Particle Classification,24,-21.25,-4.5,0.00423879,0.01399304,-0.00975425,0.00908259,0.00844196,True
Particle Classification,25,-21.25,4.5,0.00478774,0.00453926,0.00024848,0.0041923,0.00338012,False
Particle Classification,26,-21.25,13.5,0.00434553,0.00484179,-0.00049626,0.00429609,0.00484361,False
Particle Classification,27,-21.25,22.5,0.00098696,0.01018049,-0.00919352,0.01007941,0.01180157,False
Particle Classification,28,-21.25,31.5,0.00040402,0.00243837,-0.00203435,0.00211065,0.00225653,False
Particle Classification,29,-21.25,40.5,0.00188404,0.00105085,0.0008332,0.0025497,0.00256168,False
Particle Classification,30,-12.75,-40.5,0.0006062,0.00131201,-0.00070581,0.00124527,0.0013343,False
Particle Classification,31,-12.75,-31.5,0.00049138,0.00188327,-0.00139189,0.00150708,0.00133292,True
Particle Classification,32,-12.75,-22.5,0.00077087,0.00192393,-0.00115306,0.00132673,0.00132054,False
Particle Classification,33,-12.75,-13.5,0.00148761,0.00708122,-0.00559361,0.00470649,0.00434113,True
Particle Classification,34,-12.75,-4.5,0.00113066,0.00730989,-0.00617923,0.00429669,0.00402731,True
Particle Classification,35,-12.75,4.5,0.00147014,0.00116527,0.00030487,0.001323,0.00126996,False
Particle Classification,36,-12.75,13.5,0.00093868,0.00120025,-0.00026156,0.00086043,0.00093883,False
Particle Classification,37,-12.75,22.5,0.00036039,0.00128718,-0.0009268,0.00083774,0.00096553,False
Particle Classification,38,-12.75,31.5,0.00100894,0.00082367,0.00018527,0.00142877,0.00183264,False
Particle Classification,39,-12.75,40.5,0.00106821,0.00067891,0.00038931,0.00153772,0.00150431,False
Particle Classification,40,-4.25,-40.5,0.00019275,0.00205528,-0.00186253,0.00273284,0.00270676,False
Particle Classification,41,-4.25,-31.5,0.00017759,0.00063866,-0.00046107,0.00057593,0.00054641,False
Particle Classification,42,-4.25,-22.5,0.00030068,0.00086587,-0.00056519,0.00056908,0.00053241,True
Particle Classification,43,-4.25,-13.5,0.00039853,0.00055216,-0.00015364,0.00044041,0.00044391,False
Particle Classification,44,-4.25,-4.5,0.00092441,0.00264005,-0.00171564,0.00160178,0.00152629,True
Particle Classification,45,-4.25,4.5,0.00088163,0.00055457,0.00032706,0.00095565,0.0008514,False
Particle Classification,46,-4.25,13.5,0.00031136,0.00046835,-0.00015699,0.00033411,0.00033573,False
Particle Classification,47,-4.25,22.5,0.00049506,0.00112123,-0.00062617,0.00137681,0.0014257,False
Particle Classification,48,-4.25,31.5,0.00067796,0.00074198,-6.402e-05,0.00117808,0.00124242,False
Particle Classification,49,-4.25,40.5,0.00014174,0.0002832,-0.00014145,0.00038386,0.00038477,False
Particle Classification,50,4.25,-40.5,8.24e-05,0.00040702,-0.00032462,0.00028508,0.00029701,True
Particle Classification,51,4.25,-31.5,8.737e-05,0.00036055,-0.00027317,0.00022843,0.00022344,True
Particle Classification,52,4.25,-22.5,0.0001426,0.00033842,-0.00019582,0.00022027,0.00021415,False
Particle Classification,53,4.25,-13.5,0.0001122,0.0007452,-0.000633,0.00030657,0.00035261,True
Particle Classification,54,4.25,-4.5,0.00032201,0.00099877,-0.00067676,0.00067383,0.0006028,True
Particle Classification,55,4.25,4.5,0.00027928,0.00319084,-0.00291157,0.00192814,0.00207186,True
Particle Classification,56,4.25,13.5,0.00023756,0.00011378,0.00012377,0.00026809,0.00028042,False
Particle Classification,57,4.25,22.5,0.00037289,0.00263918,-0.00226629,0.0024655,0.00284405,False
Particle Classification,58,4.25,31.5,0.00051764,0.00014815,0.00036949,0.00061401,0.00061088,False
Particle Classification,59,4.25,40.5,0.00070667,0.00020332,0.00050335,0.0009638,0.00096964,False
Particle Classification,60,12.75,-40.5,8.037e-05,0.00019924,-0.00011887,0.00025538,0.00026432,False
Particle Classification,61,12.75,-31.5,4.717e-05,3.9e-05,8.16e-06,3.87e-05,3.984e-05,False
Particle Classification,62,12.75,-22.5,7.667e-05,0.00181099,-0.00173432,0.00159825,0.00160471,True
Particle Classification,63,12.75,-13.5,6.173e-05,0.00020265,-0.00014092,0.00012467,0.00012507,True
Particle Classification,64,12.75,-4.5,8.11e-05,0.00039891,-0.00031781,0.00029027,0.0002626,True
Particle Classification,65,12.75,4.5,5.718e-05,0.00016074,-0.00010357,0.00010993,0.00010086,True
Particle Classification,66,12.75,13.5,3.833e-05,7.437e-05,-3.604e-05,5.292e-05,4.858e-05,False
Particle Classification,67,12.75,22.5,7.155e-05,7.94e-05,-7.84e-06,8.315e-05,6.71e-05,False
Particle Classification,68,12.75,31.5,2.625e-05,4.605e-05,-1.98e-05,3.629e-05,3.568e-05,False
Particle Classification,69,12.75,40.5,0.00028352,0.00017515,0.00010837,0.00053378,0.00052008,False
Particle Classification,70,21.25,-40.5,2.969e-05,3.616e-05,-6.48e-06,4.427e-05,3.862e-05,False
Particle Classification,71,21.25,-31.5,6.035e-05,0.00013223,-7.187e-05,0.00014745,0.00013767,False
Particle Classification,72,21.25,-22.5,2.917e-05,0.00025191,-0.00022275,0.00023789,0.00023521,False
Particle Classification,73,21.25,-13.5,2.833e-05,5.251e-05,-2.418e-05,3.312e-05,3.048e-05,False
Particle Classification,74,21.25,-4.5,3.539e-05,0.00020369,-0.00016829,0.00013452,0.00011575,True
Particle Classification,75,21.25,4.5,3.442e-05,0.00010483,-7.041e-05,7.068e-05,7.055e-05,False
Particle Classification,76,21.25,13.5,2.181e-05,0.00115138,-0.00112957,0.00138383,0.00126845,False
Particle Classification,77,21.25,22.5,1.526e-05,6.88e-05,-5.354e-05,6.087e-05,5.618e-05,False
Particle Classification,78,21.25,31.5,0.00012124,2.536e-05,9.588e-05,0.00012111,0.00012506,False
Particle Classification,79,21.25,40.5,0.00014741,4.903e-05,9.838e-05,0.00017344,0.00017557,False
Particle Classification,80,29.75,-40.5,8.903e-05,0.00012491,-3.588e-05,0.00020302,0.00019902,False
Particle Classification,81,29.75,-31.5,1.38e-05,7.791e-05,-6.41e-05,6.972e-05,6.519e-05,False
Particle Classification,82,29.75,-22.5,2.81e-05,9.092e-05,-6.282e-05,7.868e-05,7.966e-05,False
Particle Classification,83,29.75,-13.5,1.788e-05,0.00013058,-0.00011269,0.00010083,9.718e-05,True
Particle Classification,84,29.75,-4.5,2.674e-05,0.0001157,-8.897e-05,9.52e-05,8.806e-05,True
Particle Classification,85,29.75,4.5,1.471e-05,0.00036226,-0.00034755,0.00047347,0.00046845,False
Particle Classification,86,29.75,13.5,4.553e-05,7.871e-05,-3.318e-05,8.287e-05,8.698e-05,False
Particle Classification,87,29.75,22.5,2.66e-05,8.359e-05,-5.699e-05,8.451e-05,8.442e-05,False
Particle Classification,88,29.75,31.5,8.083e-05,2.622e-05,5.46e-05,8.04e-05,7.687e-05,False
Particle Classification,89,29.75,40.5,6.951e-05,9.198e-05,-2.248e-05,0.00011806,0.00012058,False
Particle Classification,90,38.25,-40.5,1.038e-05,7.002e-05,-5.963e-05,8.81e-05,8.206e-05,False
Particle Classification,91,38.25,-31.5,1.269e-05,9.944e-05,-8.675e-05,7.765e-05,6.696e-05,True
Particle Classification,92,38.25,-22.5,1.673e-05,0.00010692,-9.019e-05,0.00010644,0.00010356,False
Particle Classification,93,38.25,-13.5,1.473e-05,0.00288976,-0.00287503,0.00481538,0.00464389,False
Particle Classification,94,38.25,-4.5,7.89e-06,2.556e-05,-1.767e-05,3.164e-05,3.387e-05,False
Particle Classification,95,38.25,4.5,1.853e-05,5.865e-05,-4.012e-05,7.709e-05,6.789e-05,False
Particle Classification,96,38.25,13.5,1.244e-05,3.777e-05,-2.533e-05,5.178e-05,5.438e-05,False
Particle Classification,97,38.25,22.5,1.421e-05,7.111e-05,-5.69e-05,8.806e-05,8.592e-05,False
Particle Classification,98,38.25,31.5,8e-06,2.523e-05,-1.723e-05,2.465e-05,2.288e-05,False
Particle Classification,99,38.25,40.5,9.544e-05,8.614e-05,9.3e-06,0.00013686,0.0001417,False
Particle Classification,100,-38.25,53.75,0.01658998,0.02840052,-0.01181054,0.01977216,0.01921797,False
Particle Classification,101,-12.75,53.75,0.00092251,0.00389564,-0.00297312,0.00424491,0.00412247,False
Particle Classification,102,12.75,53.75,6.751e-05,0.00036121,-0.0002937,0.00036417,0.00032148,False
Particle Classification,103,38.25,53.75,8.23e-06,0.00016347,-0.00015524,0.00022297,0.00023359,False
Particle Classification,104,-38.25,-53.75,0.02818219,0.02731469,0.0008675,0.03132303,0.03437922,False
Particle Classification,105,-12.75,-53.75,0.00170161,0.00131236,0.00038925,0.00099703,0.00113817,False
Particle Classification,106,12.75,-53.75,9.764e-05,0.00050139,-0.00040374,0.000472,0.00045549,False
Particle Classification,107,38.25,-53.75,3.224e-05,3.499e-05,-2.75e-06,3.883e-05,4.362e-05,False
Particle Classification,108,-50.40000153,-53.75,0.13389751,0.07114333,0.06275418,0.07522633,0.08760479,False
Particle Classification,109,-50.40000153,53.75,0.01988273,0.08193646,-0.06205373,0.06570298,0.06839276,False
Particle Classification,110,-50.40000153,-40.5,0.09691077,0.05678697,0.0401238,0.057798,0.05438496,False
Particle Classification,111,-50.40000153,-13.5,0.09216732,0.07166203,0.02050529,0.04525584,0.04256857,False
Particle Classification,112,-50.40000153,13.5,0.11910637,0.08867344,0.03043293,0.04522962,0.05264474,False
Particle Classification,113,-50.40000153,40.5,0.06758226,0.04409771,0.02348455,0.04985858,0.04499672,False
Particle Classification,114,50.40000153,-40.5,1.593e-05,1.724e-05,-1.31e-06,2.578e-05,2.71e-05,False
Particle Classification,115,50.40000153,-13.5,1.39e-05,6.32e-05,-4.93e-05,5.739e-05,5.225e-05,False
Particle Classification,116,50.40000153,13.5,2.432e-05,6.163e-05,-3.731e-05,5.224e-05,4.509e-05,False
Particle Classification,117,50.40000153,40.5,3.02e-06,3.984e-05,-3.682e-05,5.514e-05,4.971e-05,False
Particle Classification,118,50.40000153,-53.75,1.415e-05,8.815e-05,-7.4e-05,0.00010628,0.00010384,False
Particle Classification,119,50.40000153,53.75,9.52e-06,6.378e-05,-5.426e-05,0.00010787,0.00011245,False
Angle Reconstruction,0,-38.25,-40.5,3.81e-06,1.913e-05,-1.532e-05,1.092e-05,1.127e-05,True
Angle Reconstruction,1,-38.25,-31.5,4.15e-06,1.914e-05,-1.5e-05,1.169e-05,1.296e-05,True
Angle Reconstruction,2,-38.25,-22.5,2.05e-06,1.444e-05,-1.239e-05,9.61e-06,9.94e-06,True
Angle Reconstruction,3,-38.25,-13.5,1.4e-06,1.063e-05,-9.23e-06,5.52e-06,6.67e-06,True
Angle Reconstruction,4,-38.25,-4.5,8.8e-07,9.81e-06,-8.93e-06,5.48e-06,7.04e-06,True
Angle Reconstruction,5,-38.25,4.5,2.81e-06,7.46e-06,-4.65e-06,5.33e-06,6.39e-06,False
Angle Reconstruction,6,-38.25,13.5,2.54e-06,9.22e-06,-6.69e-06,4.33e-06,4.73e-06,True
Angle Reconstruction,7,-38.25,22.5,5.17e-06,2.83e-05,-2.313e-05,1.4e-05,1.796e-05,True
Angle Reconstruction,8,-38.25,31.5,7.07e-06,4.739e-05,-4.032e-05,2.46e-05,3.04e-05,True
Angle Reconstruction,9,-38.25,40.5,1.115e-05,7.133e-05,-6.019e-05,4.093e-05,4.298e-05,True
Angle Reconstruction,10,-29.75,-40.5,1.241e-05,7.893e-05,-6.651e-05,6.524e-05,6.432e-05,True
Angle Reconstruction,11,-29.75,-31.5,7.56e-06,4.165e-05,-3.41e-05,2.601e-05,2.656e-05,True
Angle Reconstruction,12,-29.75,-22.5,5.09e-06,6.558e-05,-6.049e-05,3.845e-05,4.365e-05,True
Angle Reconstruction,13,-29.75,-13.5,3.53e-06,3.124e-05,-2.771e-05,1.84e-05,2.116e-05,True
Angle Reconstruction,14,-29.75,-4.5,3.27e-06,2.064e-05,-1.737e-05,1.02e-05,1.211e-05,True
Angle Reconstruction,15,-29.75,4.5,2.85e-06,2.174e-05,-1.889e-05,1.025e-05,1.245e-05,True
Angle Reconstruction,16,-29.75,13.5,2.91e-06,1.819e-05,-1.528e-05,5.92e-06,8.25e-06,True
Angle Reconstruction,17,-29.75,22.5,4.81e-06,7.431e-05,-6.95e-05,4.521e-05,5.804e-05,True
Angle Reconstruction,18,-29.75,31.5,1.007e-05,6.329e-05,-5.322e-05,3.606e-05,4.109e-05,True
Angle Reconstruction,19,-29.75,40.5,1.093e-05,0.00012427,-0.00011334,7.657e-05,8.999e-05,True
Angle Reconstruction,20,-21.25,-40.5,2.554e-05,0.00014785,-0.00012231,0.0001005,0.00010629,True
Angle Reconstruction,21,-21.25,-31.5,2.41e-05,8.774e-05,-6.364e-05,4.697e-05,5.014e-05,True
Angle Reconstruction,22,-21.25,-22.5,1.382e-05,4.325e-05,-2.943e-05,2.094e-05,2.364e-05,True
Angle Reconstruction,23,-21.25,-13.5,9.93e-06,3.39e-05,-2.397e-05,1.015e-05,1.207e-05,True
Angle Reconstruction,24,-21.25,-4.5,1.11e-05,9.571e-05,-8.461e-05,5.85e-05,7.725e-05,True
Angle Reconstruction,25,-21.25,4.5,1.24e-05,0.0001332,-0.00012081,8.298e-05,9.738e-05,True
Angle Reconstruction,26,-21.25,13.5,7.51e-06,4.009e-05,-3.258e-05,1.528e-05,2.099e-05,True
Angle Reconstruction,27,-21.25,22.5,1.669e-05,0.00011691,-0.00010023,8.313e-05,9.781e-05,True
Angle Reconstruction,28,-21.25,31.5,2.54e-05,0.00010714,-8.173e-05,7.08e-05,8.393e-05,False
Angle Reconstruction,29,-21.25,40.5,3.598e-05,0.00019497,-0.00015899,0.00011453,0.00013849,True
Angle Reconstruction,30,-12.75,-40.5,0.00013316,0.00031252,-0.00017936,0.00019741,0.00020462,False
Angle Reconstruction,31,-12.75,-31.5,8.841e-05,0.00020416,-0.00011575,7.741e-05,8.632e-05,True
Angle Reconstruction,32,-12.75,-22.5,6.81e-05,0.00013228,-6.418e-05,5.097e-05,7.386e-05,False
Angle Reconstruction,33,-12.75,-13.5,2.933e-05,0.00013744,-0.0001081,4.364e-05,5.859e-05,True
Angle Reconstruction,34,-12.75,-4.5,4.387e-05,0.0001103,-6.642e-05,3.454e-05,4.578e-05,True
Angle Reconstruction,35,-12.75,4.5,3.885e-05,0.0001597,-0.00012085,4.747e-05,7.067e-05,True
Angle Reconstruction,36,-12.75,13.5,3.492e-05,0.00028693,-0.000252,0.00012977,0.00017091,True
Angle Reconstruction,37,-12.75,22.5,3.434e-05,0.00015693,-0.00012259,6.915e-05,9.341e-05,True
Angle Reconstruction,38,-12.75,31.5,5.988e-05,0.00027238,-0.00021251,0.00013262,0.00016982,True
Angle Reconstruction,39,-12.75,40.5,0.00012671,0.00024676,-0.00012005,0.00011958,0.00013284,False
Angle Reconstruction,40,-4.25,-40.5,0.0004082,0.0006386,-0.00023039,0.00032834,0.00036431,False
Angle Reconstruction,41,-4.25,-31.5,0.00034425,0.00087205,-0.0005278,0.00049219,0.00050379,True
Angle Reconstruction,42,-4.25,-22.5,0.00024124,0.00050088,-0.00025964,0.00015295,0.00017635,True
Angle Reconstruction,43,-4.25,-13.5,0.00022501,0.00038563,-0.00016062,0.0001492,0.00022724,False
Angle Reconstruction,44,-4.25,-4.5,0.00018063,0.00030425,-0.00012363,7.844e-05,0.00012468,False
Angle Reconstruction,45,-4.25,4.5,0.00015777,0.00045058,-0.00029281,0.00013757,0.00020049,True
Angle Reconstruction,46,-4.25,13.5,0.00014418,0.00058285,-0.00043867,0.00020001,0.00028199,True
Angle Reconstruction,47,-4.25,22.5,0.00023619,0.00044848,-0.00021229,0.00017185,0.00023231,False
Angle Reconstruction,48,-4.25,31.5,0.00022638,0.00062869,-0.00040231,0.00029016,0.00036057,True
Angle Reconstruction,49,-4.25,40.5,0.00030462,0.00050951,-0.00020489,0.00026245,0.0002521,False
Angle Reconstruction,50,4.25,-40.5,0.00163552,0.0019533,-0.00031779,0.00097861,0.00106804,False
Angle Reconstruction,51,4.25,-31.5,0.00114049,0.00181378,-0.00067328,0.00061362,0.00070262,False
Angle Reconstruction,52,4.25,-22.5,0.0011503,0.00146375,-0.00031345,0.00050706,0.0005475,False
Angle Reconstruction,53,4.25,-13.5,0.0008532,0.00095924,-0.00010604,0.00029013,0.00033771,False
Angle Reconstruction,54,4.25,-4.5,0.00090357,0.001053,-0.00014942,0.00034499,0.00048165,False
Angle Reconstruction,55,4.25,4.5,0.00078294,0.0014158,-0.00063286,0.00043407,0.00065143,False
Angle Reconstruction,56,4.25,13.5,0.00077245,0.00136716,-0.0005947,0.00037196,0.0005711,True
Angle Reconstruction,57,4.25,22.5,0.00070562,0.00101378,-0.00030816,0.00034623,0.00041673,False
Angle Reconstruction,58,4.25,31.5,0.00091278,0.00132023,-0.00040745,0.00051436,0.00058182,False
Angle Reconstruction,59,4.25,40.5,0.00134399,0.00176254,-0.00041855,0.00114528,0.001117,False
Angle Reconstruction,60,12.75,-40.5,0.00243591,0.00489923,-0.00246333,0.0020583,0.00192663,True
Angle Reconstruction,61,12.75,-31.5,0.00291781,0.0045658,-0.00164799,0.00181854,0.0019372,False
Angle Reconstruction,62,12.75,-22.5,0.004149,0.00837302,-0.00422402,0.00512217,0.00515442,False
Angle Reconstruction,63,12.75,-13.5,0.00359093,0.00403034,-0.00043941,0.00112817,0.00109844,False
Angle Reconstruction,64,12.75,-4.5,0.0031989,0.00599726,-0.00279836,0.00164954,0.00199301,True
Angle Reconstruction,65,12.75,4.5,0.00277037,0.00304155,-0.00027119,0.00086564,0.00099089,False
Angle Reconstruction,66,12.75,13.5,0.0023923,0.00393527,-0.00154297,0.00124178,0.00141141,True
Angle Reconstruction,67,12.75,22.5,0.00262213,0.00424082,-0.00161868,0.00148389,0.00181212,False
Angle Reconstruction,68,12.75,31.5,0.00422301,0.00316046,0.00106255,0.0015057,0.00160932,False
Angle Reconstruction,69,12.75,40.5,0.00347741,0.00381008,-0.00033266,0.00170542,0.00198837,False
Angle Reconstruction,70,21.25,-40.5,0.00921936,0.01113353,-0.00191416,0.00569869,0.00512201,False
Angle Reconstruction,71,21.25,-31.5,0.00946128,0.01096132,-0.00150003,0.00528817,0.00541278,False
Angle Reconstruction,72,21.25,-22.5,0.00697865,0.01104926,-0.00407061,0.00305239,0.00334584,True
Angle Reconstruction,73,21.25,-13.5,0.00822288,0.00758121,0.00064167,0.00258632,0.00230296,False
Angle Reconstruction,74,21.25,-4.5,0.01005829,0.0128649,-0.00280661,0.0051237,0.00481607,False
Angle Reconstruction,75,21.25,4.5,0.00883921,0.00813699,0.00070222,0.00295217,0.004005,False
Angle Reconstruction,76,21.25,13.5,0.00823682,0.00779747,0.00043935,0.00316308,0.00387542,False
Angle Reconstruction,77,21.25,22.5,0.00728217,0.01050806,-0.00322589,0.00373886,0.00372754,False
Angle Reconstruction,78,21.25,31.5,0.00766308,0.00979074,-0.00212766,0.0040173,0.0046741,False
Angle Reconstruction,79,21.25,40.5,0.00874661,0.00757427,0.00117234,0.00331697,0.00316694,False
Angle Reconstruction,80,29.75,-40.5,0.01555179,0.01951859,-0.0039668,0.00974815,0.0098408,False
Angle Reconstruction,81,29.75,-31.5,0.01196515,0.01346872,-0.00150358,0.00474555,0.00476719,False
Angle Reconstruction,82,29.75,-22.5,0.02025797,0.01701988,0.00323809,0.00734391,0.00753365,False
Angle Reconstruction,83,29.75,-13.5,0.01689514,0.01829902,-0.00140388,0.00559957,0.00510141,False
Angle Reconstruction,84,29.75,-4.5,0.02352454,0.01945625,0.00406828,0.00905838,0.00740976,False
Angle Reconstruction,85,29.75,4.5,0.01808644,0.02229737,-0.00421093,0.00922784,0.00862193,False
Angle Reconstruction,86,29.75,13.5,0.02117018,0.0124682,0.00870198,0.00701522,0.00681782,True
Angle Reconstruction,87,29.75,22.5,0.02455613,0.02186997,0.00268615,0.0085379,0.0093206,False
Angle Reconstruction,88,29.75,31.5,0.01937301,0.0176208,0.00175221,0.00767791,0.00779861,False
Angle Reconstruction,89,29.75,40.5,0.01962108,0.01729118,0.0023299,0.00800777,0.00810261,False
Angle Reconstruction,90,38.25,-40.5,0.02837232,0.03071553,-0.00234321,0.01315614,0.01458911,False
Angle Reconstruction,91,38.25,-31.5,0.03175038,0.02470099,0.00704939,0.01274523,0.01235955,False
Angle Reconstruction,92,38.25,-22.5,0.02519799,0.04134507,-0.01614708,0.02344934,0.02064947,False
Angle Reconstruction,93,38.25,-13.5,0.03412911,0.03208731,0.0020418,0.01860667,0.01677676,False
Angle Reconstruction,94,38.25,-4.5,0.0332416,0.0247695,0.0084721,0.01385611,0.01270763,False
Angle Reconstruction,95,38.25,4.5,0.03728338,0.02788091,0.00940247,0.01563553,0.01550738,False
Angle Reconstruction,96,38.25,13.5,0.03533115,0.02163355,0.01369759,0.01100428,0.01025502,True
Angle Reconstruction,97,38.25,22.5,0.04726706,0.029803,0.01746406,0.02083238,0.02074295,False
Angle Reconstruction,98,38.25,31.5,0.03290683,0.02844215,0.00446469,0.01417922,0.01349295,False
Angle Reconstruction,99,38.25,40.5,0.03393053,0.03743533,-0.00350479,0.0170715,0.01774544,False
Angle Reconstruction,100,-38.25,53.75,9.339e-05,0.00055892,-0.00046554,0.00029602,0.00027347,True
Angle Reconstruction,101,-12.75,53.75,0.00028054,0.00115243,-0.00087189,0.00072807,0.00076629,True
Angle Reconstruction,102,12.75,53.75,0.00331102,0.0049762,-0.00166518,0.00399487,0.00399699,False
Angle Reconstruction,103,38.25,53.75,0.02438204,0.03102033,-0.00663829,0.01566739,0.01421863,False
Angle Reconstruction,104,-38.25,-53.75,8.738e-05,0.00133377,-0.00124639,0.00091452,0.00108839,True
Angle Reconstruction,105,-12.75,-53.75,0.00060095,0.00128041,-0.00067946,0.00050384,0.00063889,True
Angle Reconstruction,106,12.75,-53.75,0.00262425,0.0054764,-0.00285216,0.00240312,0.00242295,True
Angle Reconstruction,107,38.25,-53.75,0.01191388,0.02825307,-0.01633918,0.0196974,0.01960928,False
Angle Reconstruction,108,-50.40000153,-53.75,0.00011907,0.00086941,-0.00075034,0.00102626,0.00089368,False
Angle Reconstruction,109,-50.40000153,53.75,5.722e-05,0.00028383,-0.00022661,0.00024675,0.00023597,False
Angle Reconstruction,110,-50.40000153,-40.5,6.41e-05,0.00202293,-0.00195883,0.0021428,0.0022062,False
Angle Reconstruction,111,-50.40000153,-13.5,0.00010072,0.00025728,-0.00015657,0.00019025,0.00020241,False
Angle Reconstruction,112,-50.40000153,13.5,0.00018446,0.00046765,-0.0002832,0.00029846,0.00033763,False
Angle Reconstruction,113,-50.40000153,40.5,8.932e-05,0.00034893,-0.00025961,0.00032002,0.00030731,False
Angle Reconstruction,114,50.40000153,-40.5,0.03982072,0.03769072,0.00213,0.01546822,0.01659521,False
Angle Reconstruction,115,50.40000153,-13.5,0.04471815,0.05170997,-0.00699182,0.02057149,0.01856346,False
Angle Reconstruction,116,50.40000153,13.5,0.06648153,0.06166937,0.00481216,0.02365549,0.0246602,False
Angle Reconstruction,117,50.40000153,40.5,0.05071009,0.04664598,0.00406411,0.0250972,0.026925,False
Angle Reconstruction,118,50.40000153,-53.75,0.04419575,0.03324238,0.01095338,0.01784836,0.01753897,False
Angle Reconstruction,119,50.40000153,53.75,0.04965371,0.04592417,0.00372955,0.02438968,0.02515999,False
Energy Estimation,0,-38.25,-40.5,0.00159643,0.00478563,-0.0031892,0.0027166,0.0023601,True
Energy Estimation,1,-38.25,-31.5,0.00111651,0.00312889,-0.00201237,0.00175228,0.00178332,True
Energy Estimation,2,-38.25,-22.5,0.00069385,0.00087397,-0.00018012,0.00059488,0.00061991,False
Energy Estimation,3,-38.25,-13.5,0.00024114,0.00105304,-0.0008119,0.00041267,0.00057373,True
Energy Estimation,4,-38.25,-4.5,0.00014906,0.00106048,-0.00091142,0.00056853,0.00074464,True
Energy Estimation,5,-38.25,4.5,0.00012267,0.00040977,-0.00028709,0.00018938,0.00023905,True
Energy Estimation,6,-38.25,13.5,0.00019997,0.00034798,-0.00014801,0.00020625,0.00021283,False
Energy Estimation,7,-38.25,22.5,0.00021672,0.00046476,-0.00024804,0.00024739,0.00035085,False
Energy Estimation,8,-38.25,31.5,0.00017944,0.00079518,-0.00061574,0.00047861,0.00060595,True
Energy Estimation,9,-38.25,40.5,0.00013706,0.00095523,-0.00081817,0.00072555,0.00071052,True
Energy Estimation,10,-29.75,-40.5,0.00279232,0.00407066,-0.00127833,0.00260431,0.00244007,False
Energy Estimation,11,-29.75,-31.5,0.00086525,0.00254067,-0.00167542,0.00156342,0.00146449,True
Energy Estimation,12,-29.75,-22.5,0.00029902,0.0013149,-0.00101588,0.00076569,0.00083203,True
Energy Estimation,13,-29.75,-13.5,0.00011742,0.00069816,-0.00058074,0.00034496,0.00036631,True
Energy Estimation,14,-29.75,-4.5,9.4e-05,0.00028212,-0.00018812,0.00013725,0.0001569,True
Energy Estimation,15,-29.75,4.5,8.245e-05,0.00025865,-0.0001762,9.18e-05,0.00011357,True
Energy Estimation,16,-29.75,13.5,7.734e-05,0.00021983,-0.00014249,0.00010484,0.00012433,True
Energy Estimation,17,-29.75,22.5,0.00011665,0.00044319,-0.00032654,0.00018897,0.00027188,True
Energy Estimation,18,-29.75,31.5,0.00024428,0.00082063,-0.00057634,0.00053536,0.00068023,False
Energy Estimation,19,-29.75,40.5,0.00011972,0.00098474,-0.00086501,0.00071989,0.00078716,True
Energy Estimation,20,-21.25,-40.5,0.00201922,0.00685177,-0.00483255,0.00306421,0.00356184,True
Energy Estimation,21,-21.25,-31.5,0.00136576,0.00358725,-0.00222149,0.00189647,0.00180306,True
Energy Estimation,22,-21.25,-22.5,0.00034967,0.00049109,-0.00014142,0.00016812,0.00018029,False
Energy Estimation,23,-21.25,-13.5,0.00013896,0.00034271,-0.00020375,0.00012941,0.0001442,True
Energy Estimation,24,-21.25,-4.5,7.783e-05,0.00024341,-0.00016558,8.358e-05,0.00011994,True
Energy Estimation,25,-21.25,4.5,7.536e-05,0.00031219,-0.00023683,0.00014499,0.00017212,True
Energy Estimation,26,-21.25,13.5,9.124e-05,0.00016282,-7.158e-05,6.136e-05,6.94e-05,True
Energy Estimation,27,-21.25,22.5,8.954e-05,0.0004893,-0.00039976,0.00032557,0.0004003,False
Energy Estimation,28,-21.25,31.5,0.00014131,0.00058224,-0.00044093,0.00045351,0.00051614,False
Energy Estimation,29,-21.25,40.5,0.00022044,0.0009142,-0.00069376,0.00057954,0.00070615,False
Energy Estimation,30,-12.75,-40.5,0.00525118,0.00655129,-0.0013001,0.002734,0.00258409,False
Energy Estimation,31,-12.75,-31.5,0.00207315,0.00470527,-0.00263212,0.00183839,0.00204057,True
Energy Estimation,32,-12.75,-22.5,0.0008391,0.00136811,-0.00052901,0.00050225,0.00056981,False
Energy Estimation,33,-12.75,-13.5,0.00024279,0.00089178,-0.00064899,0.00031841,0.00040943,True
Energy Estimation,34,-12.75,-4.5,0.00014979,0.00051862,-0.00036883,0.00018603,0.00023571,True
Energy Estimation,35,-12.75,4.5,0.00010615,0.0003383,-0.00023215,0.0001025,0.00013812,True
Energy Estimation,36,-12.75,13.5,0.00011844,0.00036711,-0.00024867,0.00012147,0.00017444,True
Energy Estimation,37,-12.75,22.5,0.00011109,0.00041521,-0.00030412,0.00016807,0.00022627,True
Energy Estimation,38,-12.75,31.5,0.00016112,0.00091816,-0.00075705,0.00050756,0.00065945,True
Energy Estimation,39,-12.75,40.5,0.00028428,0.00056084,-0.00027655,0.00034477,0.00031276,False
Energy Estimation,40,-4.25,-40.5,0.00931495,0.01272225,-0.0034073,0.00586411,0.00560506,False
Energy Estimation,41,-4.25,-31.5,0.00562485,0.00593669,-0.00031185,0.00258319,0.00291595,False
Energy Estimation,42,-4.25,-22.5,0.00199675,0.00377354,-0.00177679,0.00156858,0.00153682,True
Energy Estimation,43,-4.25,-13.5,0.00080124,0.00099749,-0.00019625,0.00035504,0.00048543,False
Energy Estimation,44,-4.25,-4.5,0.00038591,0.00097432,-0.00058841,0.00033623,0.00043372,True
Energy Estimation,45,-4.25,4.5,0.00022618,0.00066691,-0.00044073,0.0002058,0.00028562,True
Energy Estimation,46,-4.25,13.5,0.00015966,0.00058318,-0.00042352,0.00019442,0.00028125,True
Energy Estimation,47,-4.25,22.5,0.00020354,0.00050706,-0.00030352,0.00014897,0.00016483,True
Energy Estimation,48,-4.25,31.5,0.00018918,0.00077667,-0.00058749,0.000379,0.00045976,True
Energy Estimation,49,-4.25,40.5,0.00034994,0.00046266,-0.00011271,0.00020276,0.00019129,False
Energy Estimation,50,4.25,-40.5,0.02059161,0.02425477,-0.00366316,0.0111717,0.0113422,False
Energy Estimation,51,4.25,-31.5,0.00986756,0.01129862,-0.00143106,0.00395627,0.0041261,False
Energy Estimation,52,4.25,-22.5,0.00472684,0.00589826,-0.00117142,0.00191771,0.00183995,False
Energy Estimation,53,4.25,-13.5,0.00222676,0.00225283,-2.606e-05,0.00095896,0.00112386,False
Energy Estimation,54,4.25,-4.5,0.00124101,0.00139126,-0.00015025,0.00055077,0.00073205,False
Energy Estimation,55,4.25,4.5,0.0005962,0.00116689,-0.00057069,0.00034853,0.00051871,True
Energy Estimation,56,4.25,13.5,0.00040154,0.00076426,-0.00036272,0.00026575,0.00034331,True
Energy Estimation,57,4.25,22.5,0.000328,0.00065785,-0.00032985,0.0002326,0.00030694,True
Energy Estimation,58,4.25,31.5,0.00036034,0.00067144,-0.0003111,0.00023522,0.00026836,True
Energy Estimation,59,4.25,40.5,0.0005444,0.00083931,-0.00029492,0.00045802,0.0004608,False
Energy Estimation,60,12.75,-40.5,0.02132371,0.02284671,-0.001523,0.00965278,0.00987342,False
Energy Estimation,61,12.75,-31.5,0.01619659,0.01952251,-0.00332592,0.01241631,0.01062106,False
Energy Estimation,62,12.75,-22.5,0.01409545,0.01279289,0.00130256,0.00530195,0.00566631,False
Energy Estimation,63,12.75,-13.5,0.00687206,0.00648077,0.00039128,0.00264664,0.00301525,False
Energy Estimation,64,12.75,-4.5,0.0027284,0.00762601,-0.00489761,0.00303131,0.00371836,True
Energy Estimation,65,12.75,4.5,0.00140345,0.00199221,-0.00058876,0.00062207,0.00068022,False
Energy Estimation,66,12.75,13.5,0.00078146,0.00198308,-0.00120162,0.00074442,0.00094946,True
Energy Estimation,67,12.75,22.5,0.00068692,0.00133984,-0.00065292,0.0005086,0.00071321,False
Energy Estimation,68,12.75,31.5,0.00077243,0.00084257,-7.014e-05,0.00052446,0.00061427,False
Energy Estimation,69,12.75,40.5,0.00059614,0.00122935,-0.00063321,0.00056592,0.00056545,True
Energy Estimation,70,21.25,-40.5,0.043462,0.03278878,0.01067321,0.01739295,0.01813237,False
Energy Estimation,71,21.25,-31.5,0.03602344,0.0285721,0.00745134,0.01550703,0.01451997,False
Energy Estimation,72,21.25,-22.5,0.01595006,0.01752523,-0.00157516,0.00760479,0.00599575,False
Energy Estimation,73,21.25,-13.5,0.00857206,0.00807589,0.00049617,0.00224287,0.00207153,False
Energy Estimation,74,21.25,-4.5,0.00630514,0.01249663,-0.00619149,0.00498339,0.00557738,True
Energy Estimation,75,21.25,4.5,0.00356798,0.00356263,5.35e-06,0.00194194,0.00238481,False
Energy Estimation,76,21.25,13.5,0.00186814,0.00257764,-0.0007095,0.00112689,0.00107535,False
Energy Estimation,77,21.25,22.5,0.00108716,0.00383919,-0.00275203,0.00220708,0.00224226,True
Energy Estimation,78,21.25,31.5,0.00098314,0.00187136,-0.00088821,0.00082803,0.00103313,False
Energy Estimation,79,21.25,40.5,0.00087057,0.00142759,-0.00055701,0.00064015,0.00066374,False
Energy Estimation,80,29.75,-40.5,0.05324651,0.0422767,0.0109698,0.01929049,0.02060711,False
Energy Estimation,81,29.75,-31.5,0.02760421,0.02444533,0.00315888,0.01044096,0.00935799,False
Energy Estimation,82,29.75,-22.5,0.02825858,0.02083127,0.00742731,0.00959063,0.00976099,False
Energy Estimation,83,29.75,-13.5,0.01564517,0.01490246,0.00074271,0.0057223,0.0045932,False
Energy Estimation,84,29.75,-4.5,0.01252499,0.01218136,0.00034363,0.00613285,0.0067803,False
Energy Estimation,85,29.75,4.5,0.00576383,0.01419651,-0.00843268,0.00743536,0.00893372,False
Energy Estimation,86,29.75,13.5,0.00417615,0.00471683,-0.00054068,0.00322761,0.00340936,False
Energy Estimation,87,29.75,22.5,0.00298246,0.00445332,-0.00147086,0.00288711,0.0031707,False
Energy Estimation,88,29.75,31.5,0.00180695,0.00302744,-0.00122049,0.00195775,0.00202948,False
Energy Estimation,89,29.75,40.5,0.00152471,0.00247583,-0.00095113,0.00146954,0.00157958,False
Energy Estimation,90,38.25,-40.5,0.06909873,0.04892723,0.0201715,0.0333626,0.03847976,False
Energy Estimation,91,38.25,-31.5,0.04591776,0.03794631,0.00797145,0.02305525,0.02099536,False
Energy Estimation,92,38.25,-22.5,0.02514159,0.03975586,-0.01461427,0.02232857,0.02180965,False
Energy Estimation,93,38.25,-13.5,0.02525284,0.01995972,0.00529311,0.01009179,0.0100147,False
Energy Estimation,94,38.25,-4.5,0.01459052,0.01364763,0.00094289,0.00852931,0.00769669,False
Energy Estimation,95,38.25,4.5,0.01309306,0.01094768,0.00214537,0.00912185,0.00936801,False
Energy Estimation,96,38.25,13.5,0.00628059,0.00462231,0.00165828,0.00297863,0.00282106,False
Energy Estimation,97,38.25,22.5,0.00440217,0.00629934,-0.00189718,0.00486418,0.00536854,False
Energy Estimation,98,38.25,31.5,0.0031626,0.0036541,-0.00049151,0.00254783,0.00260719,False
Energy Estimation,99,38.25,40.5,0.00259275,0.0032165,-0.00062375,0.00217749,0.00215686,False
Energy Estimation,100,-38.25,53.75,0.00016436,0.00078488,-0.00062052,0.00046001,0.00049141,True
Energy Estimation,101,-12.75,53.75,0.00026198,0.00128305,-0.00102107,0.00087356,0.00098787,True
Energy Estimation,102,12.75,53.75,0.00061062,0.00145771,-0.00084709,0.00080025,0.00081511,True
Energy Estimation,103,38.25,53.75,0.00093662,0.00367131,-0.0027347,0.00245758,0.00242586,True
Energy Estimation,104,-38.25,-53.75,0.00350615,0.01509413,-0.01158798,0.01022912,0.01270762,False
Energy Estimation,105,-12.75,-53.75,0.02417197,0.01361056,0.01056141,0.01571578,0.01988761,False
Energy Estimation,106,12.75,-53.75,0.03750864,0.05013412,-0.01262548,0.02594967,0.02534537,False
Energy Estimation,107,38.25,-53.75,0.06946822,0.05488506,0.01458316,0.03415766,0.03827686,False
Energy Estimation,108,-50.40000153,-53.75,0.00474686,0.00868711,-0.00394024,0.0089243,0.0075808,False
Energy Estimation,109,-50.40000153,53.75,0.00014162,0.00060332,-0.0004617,0.0004761,0.00042151,True
Energy Estimation,110,-50.40000153,-40.5,0.00195325,0.00908821,-0.00713496,0.01013808,0.01052227,False
Energy Estimation,111,-50.40000153,-13.5,0.00036281,0.00074033,-0.00037752,0.00045148,0.00046969,False
Energy Estimation,112,-50.40000153,13.5,0.00018949,0.00076305,-0.00057357,0.0004335,0.00048208,True
Energy Estimation,113,-50.40000153,40.5,0.00010385,0.00052761,-0.00042376,0.00035969,0.00035583,True
Energy Estimation,114,50.40000153,-40.5,0.07604581,0.05057693,0.02546888,0.03785361,0.04566032,False
Energy Estimation,115,50.40000153,-13.5,0.0266682,0.03224761,-0.00557942,0.01392123,0.01309699,False
Energy Estimation,116,50.40000153,13.5,0.0098341,0.02485048,-0.01501638,0.01499676,0.0170707,False
Energy Estimation,117,50.40000153,40.5,0.00261736,0.00569073,-0.00307337,0.00408036,0.0040085,False
Energy Estimation,118,50.40000153,-53.75,0.10787541,0.06758864,0.04028677,0.03767671,0.04184518,False
Energy Estimation,119,50.40000153,53.75,0.002116,0.00312204,-0.00100605,0.00238128,0.00231808,False
