task,position,mean_key_attention
Particle Classification,0,0.34354262
Particle Classification,1,0.16458206
Particle Classification,2,0.08411707
Particle Classification,3,0.06740036
Particle Classification,4,0.04319757
Particle Classification,5,0.03660525
Particle Classification,6,0.02728002
Particle Classification,7,0.02744247
Particle Classification,8,0.0161401
Particle Classification,9,0.01568951
Particle Classification,10,0.01259803
Particle Classification,11,0.01020524
Particle Classification,12,0.01362151
Particle Classification,13,0.00923237
Particle Classification,14,0.00445544
Particle Classification,15,0.00633613
Particle Classification,16,0.00652193
Particle Classification,17,0.00758252
Particle Classification,18,0.00713579
Particle Classification,19,0.00829412
Particle Classification,20,0.0044283
Particle Classification,21,0.00265496
Particle Classification,22,0.00347159
Particle Classification,23,0.00422761
Particle Classification,24,0.00335373
Particle Classification,25,0.00456474
Particle Classification,26,0.0023562
Particle Classification,27,0.00272971
Particle Classification,28,0.00161905
Particle Classification,29,0.00327713
Particle Classification,30,0.00264406
Particle Classification,31,0.00247697
Particle Classification,32,0.00248818
Particle Classification,33,0.00140562
Particle Classification,34,0.00130203
Particle Classification,35,0.00167248
Particle Classification,36,0.00220221
Particle Classification,37,0.00103561
Particle Classification,38,0.00230213
Particle Classification,39,0.00130205
Particle Classification,40,0.00154637
Particle Classification,41,0.00131991
Particle Classification,42,0.0018449
Particle Classification,43,0.00092159
Particle Classification,44,0.00062482
Particle Classification,45,0.00116912
Particle Classification,46,0.00072927
Particle Classification,47,0.00164002
Particle Classification,48,0.00056951
Particle Classification,49,0.00127535
Particle Classification,50,0.00087811
Particle Classification,51,0.00158172
Particle Classification,52,0.00050018
Particle Classification,53,0.00127664
Particle Classification,54,0.00177963
Particle Classification,55,0.00038698
Particle Classification,56,0.00081552
Particle Classification,57,0.00060345
Particle Classification,58,0.00051723
Particle Classification,59,0.00050792
Particle Classification,60,0.0009954
Particle Classification,61,0.0006189
Particle Classification,62,0.00052731
Particle Classification,63,0.00029377
Particle Classification,64,0.00057715
Particle Classification,65,0.00095348
Particle Classification,66,0.00109769
Particle Classification,67,0.00052318
Particle Classification,68,0.00080064
Particle Classification,69,0.00122434
Particle Classification,70,0.00033329
Particle Classification,71,0.00022106
Particle Classification,72,0.00054265
Particle Classification,73,0.00036036
Particle Classification,74,0.00026438
Particle Classification,75,0.00058861
Particle Classification,76,0.00035361
Particle Classification,77,0.000443
Particle Classification,78,0.000198
Particle Classification,79,0.00025393
Particle Classification,80,0.00060556
Particle Classification,81,0.00026126
Particle Classification,82,0.00092827
Particle Classification,83,0.00011578
Particle Classification,84,0.00030393
Particle Classification,85,0.00015855
Particle Classification,86,0.00055705
Particle Classification,87,0.00047309
Particle Classification,88,0.00021585
Particle Classification,89,0.0002248
Particle Classification,90,0.00065101
Particle Classification,91,0.00043729
Particle Classification,92,0.00018774
Particle Classification,93,0.00069613
Particle Classification,94,0.00039791
Particle Classification,95,0.00019219
Particle Classification,96,0.0002767
Particle Classification,97,0.00010227
Particle Classification,98,0.00015357
Particle Classification,99,0.00017208
Particle Classification,100,0.00026824
Particle Classification,101,0.00025877
Particle Classification,102,0.00018115
Particle Classification,103,0.00020974
Particle Classification,104,0.00069061
Particle Classification,105,0.00025999
Particle Classification,106,0.00031041
Particle Classification,107,0.00024647
Particle Classification,108,0.00015958
Particle Classification,109,0.00049587
Particle Classification,110,0.00013063
Particle Classification,111,0.00018641
Particle Classification,112,0.0002467
Particle Classification,113,0.00011383
Particle Classification,114,0.00019043
Particle Classification,115,7.002e-05
Particle Classification,116,0.0006584
Particle Classification,117,0.00015399
Particle Classification,118,0.00055666
Particle Classification,119,8.656e-05
Angle Reconstruction,0,0.00058102
Angle Reconstruction,1,0.00117874
Angle Reconstruction,2,0.00063613
Angle Reconstruction,3,0.00046738
Angle Reconstruction,4,0.00030142
Angle Reconstruction,5,0.00120661
Angle Reconstruction,6,0.00126588
Angle Reconstruction,7,0.00065871
Angle Reconstruction,8,0.00087816
Angle Reconstruction,9,0.00080993
Angle Reconstruction,10,0.0016409
Angle Reconstruction,11,0.00125829
Angle Reconstruction,12,0.00159345
Angle Reconstruction,13,0.00179525
Angle Reconstruction,14,0.00241909
Angle Reconstruction,15,0.00163956
Angle Reconstruction,16,0.00230281
Angle Reconstruction,17,0.00302077
Angle Reconstruction,18,0.00199323
Angle Reconstruction,19,0.00259938
Angle Reconstruction,20,0.00411691
Angle Reconstruction,21,0.00311981
Angle Reconstruction,22,0.00360371
Angle Reconstruction,23,0.00382873
Angle Reconstruction,24,0.00582101
Angle Reconstruction,25,0.00540321
Angle Reconstruction,26,0.00692038
Angle Reconstruction,27,0.00617257
Angle Reconstruction,28,0.00610767
Angle Reconstruction,29,0.00912157
Angle Reconstruction,30,0.00802891
Angle Reconstruction,31,0.00813894
Angle Reconstruction,32,0.00826069
Angle Reconstruction,33,0.00894725
Angle Reconstruction,34,0.01023615
Angle Reconstruction,35,0.00839374
Angle Reconstruction,36,0.00716765
Angle Reconstruction,37,0.00825214
Angle Reconstruction,38,0.00607844
Angle Reconstruction,39,0.00681942
Angle Reconstruction,40,0.00666334
Angle Reconstruction,41,0.00967545
Angle Reconstruction,42,0.00945695
Angle Reconstruction,43,0.0082122
Angle Reconstruction,44,0.01369452
Angle Reconstruction,45,0.01012042
Angle Reconstruction,46,0.01060812
Angle Reconstruction,47,0.0110168
Angle Reconstruction,48,0.0079156
Angle Reconstruction,49,0.00863205
Angle Reconstruction,50,0.00881675
Angle Reconstruction,51,0.01037278
Angle Reconstruction,52,0.00760646
Angle Reconstruction,53,0.01093985
Angle Reconstruction,54,0.01093109
Angle Reconstruction,55,0.00859828
Angle Reconstruction,56,0.01399776
Angle Reconstruction,57,0.01225014
Angle Reconstruction,58,0.01203432
Angle Reconstruction,59,0.0169171
Angle Reconstruction,60,0.01235699
Angle Reconstruction,61,0.0128571
Angle Reconstruction,62,0.01081894
Angle Reconstruction,63,0.00709132
Angle Reconstruction,64,0.0114472
Angle Reconstruction,65,0.01220541
Angle Reconstruction,66,0.00981669
Angle Reconstruction,67,0.01098997
Angle Reconstruction,68,0.0122504
Angle Reconstruction,69,0.01382384
Angle Reconstruction,70,0.01489974
Angle Reconstruction,71,0.01368572
Angle Reconstruction,72,0.0117948
Angle Reconstruction,73,0.01117585
Angle Reconstruction,74,0.01148221
Angle Reconstruction,75,0.01279586
Angle Reconstruction,76,0.01089433
Angle Reconstruction,77,0.01413977
Angle Reconstruction,78,0.01277454
Angle Reconstruction,79,0.01322738
Angle Reconstruction,80,0.01429346
Angle Reconstruction,81,0.01182488
Angle Reconstruction,82,0.01081515
Angle Reconstruction,83,0.01834696
Angle Reconstruction,84,0.01540346
Angle Reconstruction,85,0.01183982
Angle Reconstruction,86,0.01130286
Angle Reconstruction,87,0.01221667
Angle Reconstruction,88,0.01080248
Angle Reconstruction,89,0.0117897
Angle Reconstruction,90,0.01758814
Angle Reconstruction,91,0.0139264
Angle Reconstruction,92,0.01403291
Angle Reconstruction,93,0.01634021
Angle Reconstruction,94,0.00909863
Angle Reconstruction,95,0.01632963
Angle Reconstruction,96,0.01141968
Angle Reconstruction,97,0.01298089
Angle Reconstruction,98,0.02498402
Angle Reconstruction,99,0.01304032
Angle Reconstruction,100,0.01095778
Angle Reconstruction,101,0.01399476
Angle Reconstruction,102,0.00986477
Angle Reconstruction,103,0.0137586
Angle Reconstruction,104,0.01199923
Angle Reconstruction,105,0.00728134
Angle Reconstruction,106,0.01389186
Angle Reconstruction,107,0.01103285
Angle Reconstruction,108,0.00896231
Angle Reconstruction,109,0.01019936
Angle Reconstruction,110,0.01808651
Angle Reconstruction,111,0.01100525
Angle Reconstruction,112,0.01230535
Angle Reconstruction,113,0.01097963
Angle Reconstruction,114,0.01118333
Angle Reconstruction,115,0.01232122
Angle Reconstruction,116,0.00689559
Angle Reconstruction,117,0.01455127
Angle Reconstruction,118,0.01276416
Angle Reconstruction,119,0.01454817
Energy Estimation,0,0.00312985
Energy Estimation,1,0.00248656
Energy Estimation,2,0.00253355
Energy Estimation,3,0.00160306
Energy Estimation,4,0.00175145
Energy Estimation,5,0.00186154
Energy Estimation,6,0.00297689
Energy Estimation,7,0.00228912
Energy Estimation,8,0.00208966
Energy Estimation,9,0.00246486
Energy Estimation,10,0.00179941
Energy Estimation,11,0.00413471
Energy Estimation,12,0.00428176
Energy Estimation,13,0.00389584
Energy Estimation,14,0.00397411
Energy Estimation,15,0.00340866
Energy Estimation,16,0.00445263
Energy Estimation,17,0.0051989
Energy Estimation,18,0.00361498
Energy Estimation,19,0.0044817
Energy Estimation,20,0.00567085
Energy Estimation,21,0.00688534
Energy Estimation,22,0.00702191
Energy Estimation,23,0.00633688
Energy Estimation,24,0.00841348
Energy Estimation,25,0.00715402
Energy Estimation,26,0.00589371
Energy Estimation,27,0.00683324
Energy Estimation,28,0.007485
Energy Estimation,29,0.00800094
Energy Estimation,30,0.00674975
Energy Estimation,31,0.00689527
Energy Estimation,32,0.00927912
Energy Estimation,33,0.00940565
Energy Estimation,34,0.00854289
Energy Estimation,35,0.00922947
Energy Estimation,36,0.00844158
Energy Estimation,37,0.00921216
Energy Estimation,38,0.00679934
Energy Estimation,39,0.00775256
Energy Estimation,40,0.00663701
Energy Estimation,41,0.0146174
Energy Estimation,42,0.00746466
Energy Estimation,43,0.00987767
Energy Estimation,44,0.01208612
Energy Estimation,45,0.00861269
Energy Estimation,46,0.00761695
Energy Estimation,47,0.00980517
Energy Estimation,48,0.00699784
Energy Estimation,49,0.00762223
Energy Estimation,50,0.00964247
Energy Estimation,51,0.00603322
Energy Estimation,52,0.00798693
Energy Estimation,53,0.01452546
Energy Estimation,54,0.01302796
Energy Estimation,55,0.01131745
Energy Estimation,56,0.01535029
Energy Estimation,57,0.0117806
Energy Estimation,58,0.00771892
Energy Estimation,59,0.0131505
Energy Estimation,60,0.00817155
Energy Estimation,61,0.01154162
Energy Estimation,62,0.01222734
Energy Estimation,63,0.00844456
Energy Estimation,64,0.00889915
Energy Estimation,65,0.00871113
Energy Estimation,66,0.00835375
Energy Estimation,67,0.01336602
Energy Estimation,68,0.01017716
Energy Estimation,69,0.01141056
Energy Estimation,70,0.01125757
Energy Estimation,71,0.02281307
Energy Estimation,72,0.00971488
Energy Estimation,73,0.007383
Energy Estimation,74,0.0153909
Energy Estimation,75,0.00921795
Energy Estimation,76,0.00832597
Energy Estimation,77,0.01629117
Energy Estimation,78,0.00475012
Energy Estimation,79,0.0088669
Energy Estimation,80,0.00776068
Energy Estimation,81,0.00754798
Energy Estimation,82,0.00649562
Energy Estimation,83,0.01836553
Energy Estimation,84,0.0154832
Energy Estimation,85,0.01092537
Energy Estimation,86,0.00669909
Energy Estimation,87,0.02037394
Energy Estimation,88,0.01258061
Energy Estimation,89,0.01068335
Energy Estimation,90,0.01481033
Energy Estimation,91,0.01362552
Energy Estimation,92,0.01468825
Energy Estimation,93,0.01818837
Energy Estimation,94,0.01222682
Energy Estimation,95,0.00813257
Energy Estimation,96,0.01375361
Energy Estimation,97,0.02316949
Energy Estimation,98,0.01679814
Energy Estimation,99,0.01419316
Energy Estimation,100,0.01027171
Energy Estimation,101,0.00972838
Energy Estimation,102,0.01055504
Energy Estimation,103,0.00520183
Energy Estimation,104,0.00862564
Energy Estimation,105,0.00905828
Energy Estimation,106,0.00782543
Energy Estimation,107,0.01323599
Energy Estimation,108,0.00970506
Energy Estimation,109,0.01001853
Energy Estimation,110,0.0072329
Energy Estimation,111,0.01809055
Energy Estimation,112,0.01885646
Energy Estimation,113,0.01196313
Energy Estimation,114,0.02255494
Energy Estimation,115,0.02208426
Energy Estimation,116,0.01156846
Energy Estimation,117,0.01294368
Energy Estimation,118,0.01066343
Energy Estimation,119,0.01565167
