feature,task,baseline_score,ablated_score,importance,pct_change,strategy
detector_id,particle,0.9699348737621554,0.8575252029619056,0.11240967080024977,-11.589403973509931,median
detector_id,angle,0.4841189025705484,7.5327122532125825,7.048593350642034,1455.963258863844,median
detector_id,energy,103.71793927354257,187.1677703734905,83.44983109994793,80.45843533379492,median
particle_count,particle,0.9699348737621554,0.968775091444375,0.0011597823177803557,-0.11957321559970574,median
particle_count,angle,0.4841189025705484,0.5069611916779336,0.022842289107385227,4.71832208701178,median
particle_count,energy,103.71793927354257,104.29902011974457,0.5810808462019992,0.56025105229817,median
t_bin,particle,0.9699348737621554,0.8519047194218932,0.1180301543402622,-12.168874172185424,median
t_bin,angle,0.4841189025705484,12.917503993510563,12.433385090940014,2568.250284159924,median
t_bin,energy,103.71793927354257,176.4388007637818,72.72086149023924,70.11406319831272,median
total_energy,particle,0.9699348737621554,0.745829244357213,0.22410562940494239,-23.105224429727734,median
total_energy,angle,0.4841189025705484,0.6125872699133779,0.12846836734282946,26.536531967806887,median
total_energy,energy,103.71793927354257,141.83808065403028,38.12014138048771,36.753662526933546,median
x_center,particle,0.9699348737621554,0.8338834864840753,0.13605138727808008,-14.026857983811624,median
x_center,angle,0.4841189025705484,9.627644884622494,9.143525982051946,1888.6942719034819,median
x_center,energy,103.71793927354257,210.10783969546654,106.38990042192397,102.57618032820191,median
y_center,particle,0.9699348737621554,0.8988312962797752,0.07110357748238016,-7.330757910228102,median
y_center,angle,0.4841189025705484,0.7198671177413472,0.23574821517079875,48.696345860290855,median
y_center,energy,103.71793927354257,162.29440728258263,58.576468009040056,56.47669864954822,median
