feature,task,metric_name,baseline,permuted_mean,permuted_std,importance_delta
sequence::t_bin,angle,MAE_deg,0.4841189025705484,13.247498636829906,0.010728591067188958,12.763379734259358
sequence::x_center,angle,MAE_deg,0.4841189025705484,5.630046391258957,0.01662371131186164,5.145927488688408
sequence::detector_id,angle,MAE_deg,0.4841189025705484,3.7842635636797413,0.012847135453782904,3.3001446611091927
sequence::y_center,angle,MAE_deg,0.4841189025705484,0.8052226781747112,0.004058598089013634,0.32110377560416276
sequence::total_energy,angle,MAE_deg,0.4841189025705484,0.6491523916169606,0.0035374922692888162,0.16503348904641219
sequence::particle_count,angle,MAE_deg,0.4841189025705484,0.5022682731859824,0.000763041167363841,0.018149370615434035
sequence::t_bin,energy,MAE_GeV,103.71793927354257,277.0227043331547,0.624874963467404,173.30476505961212
sequence::x_center,energy,MAE_GeV,103.71793927354257,247.6005683178799,0.9835561923303703,143.8826290443373
sequence::detector_id,energy,MAE_GeV,103.71793927354257,207.36741457335157,0.9899625530614213,103.649475299809
sequence::y_center,energy,MAE_GeV,103.71793927354257,179.17086116788388,1.1065024653174258,75.45292189434132
sequence::total_energy,energy,MAE_GeV,103.71793927354257,142.46456087193934,0.7836701060128854,38.74662159839677
sequence::particle_count,energy,MAE_GeV,103.71793927354257,104.6487234089906,0.1799203404996024,0.930784135448036
sequence::x_center,particle,accuracy,0.9699348737621554,0.6322151842269605,0.002691248662503047,0.3377196895351948
sequence::total_energy,particle,accuracy,0.9699348737621554,0.7126750825229726,0.0046650216046639935,0.25725979123918274
sequence::t_bin,particle,accuracy,0.9699348737621554,0.749442412347221,0.00413943185051097,0.2204924614149344
sequence::detector_id,particle,accuracy,0.9699348737621554,0.8512579177446695,0.0017441610690154404,0.11867695601748585
sequence::y_center,particle,accuracy,0.9699348737621554,0.8892742439111428,0.0013890217188826065,0.08066062985101252
sequence::particle_count,particle,accuracy,0.9699348737621554,0.9693103755910429,0.0002900681002954522,0.0006244981711124309
