n_kept,strategy,rep,particle_acc,particle_auc,angle_mae,energy_mae,radius
24,random_thinning,0.0,0.681348,0.749518,2.67327,190.593098,
24,random_thinning,1.0,0.659653,0.731532,2.852613,183.149396,
24,random_thinning,2.0,0.706902,0.771473,2.52747,193.349844,
34,random_thinning,0.0,0.689333,0.766038,2.527882,180.511742,
34,random_thinning,1.0,0.721667,0.794603,2.246033,183.786451,
34,random_thinning,2.0,0.713,0.791841,2.097128,181.504266,
43,random_thinning,0.0,0.791333,0.857433,1.540647,184.790037,
43,random_thinning,1.0,0.771,0.845184,1.701963,184.917737,
43,random_thinning,2.0,0.781333,0.856351,1.603717,187.286373,
53,random_thinning,0.0,0.810667,0.884504,1.267098,179.920544,
53,random_thinning,1.0,0.823333,0.895968,1.332923,186.305727,
53,random_thinning,2.0,0.812667,0.8826,1.456111,182.60343,
62,random_thinning,0.0,0.838,0.905744,1.182001,179.421883,
62,random_thinning,1.0,0.839667,0.903923,1.138295,180.667296,
62,random_thinning,2.0,0.809667,0.890177,1.173245,178.148085,
72,random_thinning,0.0,0.861333,0.924372,1.039112,177.034532,
72,random_thinning,1.0,0.859,0.92553,1.00976,175.437053,
72,random_thinning,2.0,0.874,0.931123,1.000666,173.854602,
82,random_thinning,0.0,0.889667,0.94763,0.898469,171.662739,
82,random_thinning,1.0,0.885333,0.943477,0.933724,171.884165,
82,random_thinning,2.0,0.875333,0.939168,0.939348,169.529667,
91,random_thinning,0.0,0.904,0.956189,0.841847,161.510668,
91,random_thinning,1.0,0.906667,0.959794,0.822621,164.13141,
91,random_thinning,2.0,0.899,0.950763,0.846125,169.987408,
101,random_thinning,0.0,0.913,0.966601,0.768935,165.323911,
101,random_thinning,1.0,0.912667,0.964107,0.765553,156.320103,
101,random_thinning,2.0,0.917667,0.968774,0.736871,159.018588,
110,random_thinning,0.0,0.939333,0.974223,0.651289,146.248207,
110,random_thinning,1.0,0.938333,0.975256,0.630702,146.138802,
110,random_thinning,2.0,0.938,0.977453,0.658411,146.322134,
120,random_thinning,0.0,0.966667,0.989643,0.486446,106.512124,
120,random_thinning,1.0,0.966667,0.989643,0.486446,106.512124,
120,random_thinning,2.0,0.966667,0.989643,0.486446,106.512124,
32,central_crop,,0.806,0.875296,1.961238,209.959209,25.86141
44,central_crop,,0.827667,0.898824,1.435807,197.391958,31.839141
56,central_crop,,0.852,0.915399,1.154455,186.379407,37.816872
80,central_crop,,0.906,0.953134,0.893587,166.170144,43.794603
92,central_crop,,0.927667,0.967643,0.773229,154.844383,49.772334
108,central_crop,,0.953,0.981841,0.6291,132.254883,55.750065
108,central_crop,,0.953,0.981841,0.6291,132.254883,61.727796
116,central_crop,,0.962,0.986816,0.534654,118.143463,67.705527
120,central_crop,,0.966667,0.989643,0.486446,106.512124,73.683258
60,checkerboard,,0.827,0.905399,1.158771,180.667946,
