,n_off,n_off,rep,rep,particle_acc,particle_acc,particle_auc,particle_auc,angle_mae,angle_mae,energy_mae,energy_mae
,mean,std,mean,std,mean,std,mean,std,mean,std,mean,std
frac,,,,,,,,,,,,
0.0,0.0,0.0,1.5,1.290994,0.966667,0.0,0.989643,0.0,0.486446,0.0,106.512124,0.0
0.075,9.0,0.0,1.5,1.290994,0.936667,0.00426,0.975831,0.002034,0.654979,0.021662,146.513678,6.306465
0.15,18.0,0.0,1.5,1.290994,0.919,0.004295,0.964369,0.005046,0.749918,0.016897,158.017377,2.959952
0.22499999999999998,27.0,0.0,1.5,1.290994,0.9085,0.00491,0.954672,0.00231,0.834989,0.014228,165.505632,2.439161
0.3,36.0,0.0,1.5,1.290994,0.887583,0.01119,0.943734,0.006002,0.88134,0.011972,171.158162,2.255248
0.375,45.0,0.0,1.5,1.290994,0.87475,0.001792,0.935098,0.001421,0.980666,0.032775,175.276215,2.377759
0.44999999999999996,54.0,0.0,1.5,1.290994,0.852667,0.005135,0.909788,0.004528,1.099602,0.044897,177.986829,3.212239
0.525,63.0,0.0,1.5,1.290994,0.827,0.005249,0.897311,0.008958,1.20519,0.033444,180.259151,2.959697
0.6,72.0,0.0,1.5,1.290994,0.807917,0.008417,0.880657,0.007213,1.397442,0.076508,182.380853,2.055792
0.6749999999999999,81.0,0.0,1.5,1.290994,0.757478,0.024445,0.830044,0.020295,1.892939,0.187247,186.524391,3.253345
0.75,90.0,0.0,1.5,1.290994,0.731636,0.020914,0.803106,0.018302,2.221468,0.162282,189.56682,2.584922
0.825,99.0,0.0,1.5,1.290994,0.647873,0.034284,0.721229,0.037695,3.348613,0.249713,189.682413,4.262191
0.9,108.0,0.0,1.5,1.290994,0.542968,0.020338,0.605054,0.024422,5.426329,0.529782,195.603231,3.58924
