frac,n_off,rep,particle_acc,particle_auc,angle_mae,energy_mae
0.0,0,0,0.966667,0.989643,0.486446,106.512124
0.0,0,1,0.966667,0.989643,0.486446,106.512124
0.0,0,2,0.966667,0.989643,0.486446,106.512124
0.0,0,3,0.966667,0.989643,0.486446,106.512124
0.075,9,0,0.942333,0.978814,0.632676,140.219544
0.075,9,1,0.936333,0.97473,0.682375,154.526054
0.075,9,2,0.932,0.974373,0.643865,143.006535
0.075,9,3,0.936,0.975409,0.661002,148.30258
0.15,18,0,0.913333,0.957779,0.764417,159.337168
0.15,18,1,0.922333,0.966548,0.755016,158.013759
0.15,18,2,0.918,0.963534,0.725486,153.918657
0.15,18,3,0.922333,0.969614,0.754752,160.799925
0.225,27,0,0.902667,0.951646,0.82966,166.787087
0.225,27,1,0.910667,0.954469,0.819859,167.346215
0.225,27,2,0.914,0.957181,0.853606,165.937739
0.225,27,3,0.906667,0.955393,0.836831,161.951488
0.3,36,0,0.888333,0.945722,0.880696,170.763775
0.3,36,1,0.902667,0.950744,0.867919,169.070817
0.3,36,2,0.883,0.941925,0.879697,170.441172
0.3,36,3,0.876333,0.936544,0.897047,174.356882
0.375,45,0,0.875,0.935075,0.942826,172.679027
0.375,45,1,0.872333,0.933513,1.018465,178.407204
0.375,45,2,0.875,0.934839,0.994142,174.641711
0.375,45,3,0.876667,0.936963,0.967232,175.376919
0.45,54,0,0.856,0.908896,1.101974,173.395984
0.45,54,1,0.847333,0.903958,1.15982,178.315938
0.45,54,2,0.858,0.914584,1.053196,179.530298
0.45,54,3,0.849333,0.911714,1.08342,180.705095
0.525,63,0,0.828333,0.899554,1.178431,177.648185
0.525,63,1,0.826333,0.896638,1.249645,183.468917
0.525,63,2,0.820333,0.885708,1.180426,182.078759
0.525,63,3,0.833,0.907344,1.212256,177.840744
0.6,72,0,0.817333,0.887719,1.303301,182.649747
0.6,72,1,0.807333,0.876065,1.427322,179.438992
0.6,72,2,0.797,0.873016,1.483146,183.281666
0.6,72,3,0.81,0.88583,1.376,184.153007
0.675,81,0,0.741581,0.817238,1.982785,184.853033
0.675,81,1,0.782333,0.848126,1.694134,185.940226
0.675,81,2,0.774,0.846521,1.786713,191.262858
0.675,81,3,0.732,0.808291,2.108123,184.041447
0.75,90,0,0.718573,0.796197,2.369531,186.195144
0.75,90,1,0.748165,0.815158,2.063737,190.863407
0.75,90,2,0.750667,0.82052,2.099498,192.160502
0.75,90,3,0.709139,0.780551,2.353105,189.048228
0.825,99,0,0.626836,0.702939,3.567401,189.596262
0.825,99,1,0.613842,0.678382,3.561282,184.492069
0.825,99,2,0.689713,0.762369,3.111729,194.931314
0.825,99,3,0.661102,0.741227,3.154039,189.710006
0.9,108,0,0.562265,0.623802,5.895615,200.034002
0.9,108,1,0.551666,0.618461,5.020367,193.785653
0.9,108,2,0.543133,0.608225,4.917715,191.816895
0.9,108,3,0.51481,0.569726,5.87162,196.776375
