detector_id,particle_acc,particle_auc,angle_mae,energy_mae,x_center,y_center,distance,acc_drop,angle_rise,energy_rise,acc_drop_pct,angle_rise_pct,energy_rise_pct
0,0.965,0.989249,0.518304,112.970185,-38.25,-40.5,55.707382,0.001667,0.031858,6.458061,0.172414,6.549216,6.063216
1,0.964333,0.98912,0.515353,114.852658,-38.25,-31.5,49.55111,0.002333,0.028907,8.340534,0.241379,5.942522,7.830596
2,0.959667,0.987884,0.522999,117.470658,-38.25,-22.5,44.376938,0.007,0.036553,10.958534,0.724138,7.514392,10.288532
3,0.962,0.988121,0.534744,116.37458,-38.25,-13.5,40.56245,0.004667,0.048298,9.862455,0.482759,9.928713,9.259467
4,0.961333,0.987223,0.532378,117.196212,-38.25,-4.5,38.513798,0.005333,0.045932,10.684088,0.551724,9.442381,10.030865
5,0.959667,0.986696,0.535332,117.610279,-38.25,4.5,38.513798,0.007,0.048886,11.098155,0.724138,10.049639,10.419617
6,0.960333,0.988584,0.525527,116.759838,-38.25,13.5,40.56245,0.006333,0.039081,10.247714,0.655172,8.033965,9.621171
7,0.964333,0.987458,0.517309,117.692563,-38.25,22.5,44.376938,0.002333,0.030863,11.180439,0.241379,6.344606,10.49687
8,0.960333,0.987717,0.523391,116.244654,-38.25,31.5,49.55111,0.006333,0.036945,9.73253,0.655172,7.594975,9.137485
9,0.965,0.988936,0.505489,112.971525,-38.25,40.5,55.707382,0.001667,0.019043,6.459401,0.172414,3.914669,6.064475
10,0.964667,0.989381,0.507665,115.616583,-29.75,-40.5,50.252487,0.002,0.021219,9.104459,0.206897,4.362105,8.547815
11,0.964,0.987807,0.512595,114.938313,-29.75,-31.5,43.327965,0.002667,0.026149,8.426189,0.275862,5.375522,7.911014
12,0.960333,0.986647,0.516704,117.334974,-29.75,-22.5,37.3003,0.006333,0.030258,10.82285,0.655172,6.220228,10.161144
13,0.958667,0.987198,0.533708,122.363141,-29.75,-13.5,32.66975,0.008,0.047262,15.851017,0.827586,9.715716,14.88189
14,0.959333,0.987861,0.537664,122.791454,-29.75,-4.5,30.088411,0.007333,0.051218,16.27933,0.758621,10.52912,15.284016
15,0.960333,0.986335,0.532425,121.544316,-29.75,4.5,30.088411,0.006333,0.045979,15.032191,0.655172,9.452082,14.113127
16,0.962,0.98631,0.527414,117.36876,-29.75,13.5,32.66975,0.004667,0.040968,10.856636,0.482759,8.421969,10.192864
17,0.960667,0.98647,0.517488,117.418877,-29.75,22.5,37.3003,0.006,0.031042,10.906753,0.62069,6.381365,10.239917
18,0.961333,0.986978,0.514084,116.868529,-29.75,31.5,43.327965,0.005333,0.027638,10.356405,0.551724,5.681588,9.723217
19,0.962333,0.987399,0.515571,115.074551,-29.75,40.5,50.252487,0.004333,0.029125,8.562427,0.448276,5.987366,8.038922
20,0.963333,0.988903,0.509947,112.972056,-21.25,-40.5,45.736336,0.003333,0.023501,6.459932,0.344828,4.831248,6.064973
21,0.962667,0.986939,0.521183,115.629686,-21.25,-31.5,37.99753,0.004,0.034737,9.117562,0.413793,7.141072,8.560116
22,0.954333,0.985539,0.535909,118.770363,-21.25,-22.5,30.948545,0.012333,0.049463,12.258239,1.275862,10.16827,11.508773
23,0.963,0.987034,0.5232,119.544659,-21.25,-13.5,25.175632,0.003667,0.036754,13.032535,0.37931,7.555703,12.235729
24,0.958,0.985811,0.532704,123.776733,-21.25,-4.5,21.721245,0.008667,0.046258,17.264609,0.896552,9.509368,16.209055
25,0.962667,0.987408,0.533371,121.812993,-21.25,4.5,21.721245,0.004,0.046925,15.300869,0.413793,9.646504,14.365377
26,0.955333,0.986297,0.515502,121.192558,-21.25,13.5,25.175632,0.011333,0.029056,14.680434,1.172414,5.973109,13.782876
27,0.962,0.987654,0.519587,117.435055,-21.25,22.5,30.948545,0.004667,0.033141,10.922931,0.482759,6.812956,10.255106
28,0.959333,0.986743,0.51642,116.96319,-21.25,31.5,37.99753,0.007333,0.029974,10.451066,0.758621,6.161875,9.81209
29,0.963,0.987157,0.5154,115.477173,-21.25,40.5,45.736336,0.003667,0.028954,8.965049,0.37931,5.95207,8.416928
30,0.961,0.987921,0.511903,115.500347,-12.75,-40.5,42.45954,0.005667,0.025457,8.988223,0.586207,5.233365,8.438685
31,0.962,0.988784,0.511201,115.8893,-12.75,-31.5,33.982533,0.004667,0.024755,9.377176,0.482759,5.089038,8.803858
32,0.961667,0.986695,0.525464,117.540984,-12.75,-22.5,25.86141,0.005,0.039018,11.02886,0.517241,8.021118,10.354558
33,0.96,0.984449,0.533452,122.160343,-12.75,-13.5,18.569128,0.006667,0.047006,15.648219,0.689655,9.663147,14.691491
34,0.957333,0.986136,0.540958,122.15101,-12.75,-4.5,13.520818,0.009333,0.054512,15.638886,0.965517,11.206193,14.682728
35,0.954667,0.984504,0.536817,122.653513,-12.75,4.5,13.520818,0.012,0.050371,16.141388,1.241379,10.354828,15.154508
36,0.958333,0.984902,0.529247,120.234996,-12.75,13.5,18.569128,0.008333,0.042801,13.722872,0.862069,8.798749,12.883859
37,0.961333,0.985917,0.52283,119.092769,-12.75,22.5,25.86141,0.005333,0.036384,12.580645,0.551724,7.479585,11.811467
38,0.962333,0.987078,0.514215,117.232795,-12.75,31.5,33.982533,0.004333,0.027769,10.720671,0.448276,5.708469,10.065212
39,0.96,0.987467,0.507631,113.195069,-12.75,40.5,42.45954,0.006667,0.021185,6.682945,0.689655,4.355151,6.274351
40,0.960667,0.987252,0.511298,114.268062,-4.25,-40.5,40.72238,0.006,0.024852,7.755938,0.62069,5.10897,7.281742
41,0.964333,0.986949,0.514846,117.692627,-4.25,-31.5,31.785414,0.002333,0.0284,11.180503,0.241379,5.838304,10.49693
42,0.958,0.987517,0.518692,118.421874,-4.25,-22.5,22.897873,0.008667,0.032246,11.90975,0.896552,6.628881,11.181591
43,0.956333,0.986428,0.536371,123.045081,-4.25,-13.5,14.15318,0.010333,0.049925,16.532957,1.068966,10.263158,15.522136
44,0.955667,0.98593,0.534713,123.483664,-4.25,-4.5,6.189709,0.011,0.048267,16.97154,1.137931,9.922418,15.933904
45,0.96,0.987387,0.530198,123.674455,-4.25,4.5,6.189709,0.006667,0.043752,17.162331,0.689655,8.994249,16.11303
46,0.958,0.986976,0.523209,120.234032,-4.25,13.5,14.15318,0.008667,0.036763,13.721907,0.896552,7.55749,12.882954
47,0.959333,0.987471,0.51416,119.059567,-4.25,22.5,22.897873,0.007333,0.027714,12.547443,0.758621,5.697284,11.780296
48,0.962,0.987093,0.510721,115.453152,-4.25,31.5,31.785414,0.004667,0.024275,8.941028,0.482759,4.990297,8.394376
49,0.961,0.987328,0.502749,114.052611,-4.25,40.5,40.72238,0.005667,0.016303,7.540487,0.586207,3.351528,7.079464
50,0.964333,0.988264,0.500216,113.045683,4.25,-40.5,40.72238,0.002333,0.01377,6.533559,0.241379,2.830675,6.134099
51,0.964,0.987293,0.520194,115.380888,4.25,-31.5,31.785414,0.002667,0.033749,8.868764,0.275862,6.93778,8.32653
52,0.961667,0.988443,0.519205,115.934711,4.25,-22.5,22.897873,0.005,0.032759,9.422587,0.517241,6.734457,8.846492
53,0.96,0.984892,0.518746,121.988093,4.25,-13.5,14.15318,0.006667,0.0323,15.475968,0.689655,6.64004,14.529772
54,0.959,0.985381,0.52653,122.840816,4.25,-4.5,6.189709,0.007667,0.040084,16.328692,0.793103,8.240204,15.33036
55,0.959333,0.983949,0.52795,120.992791,4.25,4.5,6.189709,0.007333,0.041504,14.480667,0.758621,8.532082,13.595322
56,0.96,0.986671,0.518504,118.66848,4.25,13.5,14.15318,0.006667,0.032058,12.156356,0.689655,6.590257,11.413119
57,0.959667,0.985122,0.517018,115.913701,4.25,22.5,22.897873,0.007,0.030573,9.401577,0.724138,6.284879,8.826767
58,0.962333,0.987287,0.516241,111.992177,4.25,31.5,31.785414,0.004333,0.029796,5.480053,0.448276,6.125153,5.145004
59,0.960667,0.986476,0.510023,113.469226,4.25,40.5,40.72238,0.006,0.023577,6.957102,0.62069,4.846879,6.531746
60,0.963333,0.988879,0.511455,112.956216,12.75,-40.5,42.45954,0.003333,0.025009,6.444092,0.344828,5.141078,6.050102
61,0.962,0.987643,0.520518,113.799453,12.75,-31.5,33.982533,0.004667,0.034072,7.287329,0.482759,7.004298,6.841784
62,0.962667,0.986875,0.511944,114.686605,12.75,-22.5,25.86141,0.004,0.025498,8.174481,0.413793,5.241639,7.674696
63,0.958667,0.986749,0.524917,118.640376,12.75,-13.5,18.569128,0.008,0.038471,12.128252,0.827586,7.908605,11.386734
64,0.964,0.987097,0.522987,116.206521,12.75,-4.5,13.520818,0.002667,0.036541,9.694397,0.275862,7.511778,9.101684
65,0.960333,0.986607,0.527496,117.666488,12.75,4.5,13.520818,0.006333,0.04105,11.154364,0.655172,8.438716,10.472389
66,0.959333,0.987165,0.526117,114.366033,12.75,13.5,18.569128,0.007333,0.039671,7.853909,0.758621,8.155277,7.373723
67,0.963333,0.988175,0.521023,114.967833,12.75,22.5,25.86141,0.003333,0.034577,8.455709,0.344828,7.108026,7.938729
68,0.960667,0.988317,0.514324,113.517657,12.75,31.5,33.982533,0.006,0.027878,7.005533,0.62069,5.730933,6.577216
69,0.961,0.986995,0.510628,114.24912,12.75,40.5,42.45954,0.005667,0.024182,7.736996,0.586207,4.971246,7.263958
70,0.964667,0.988995,0.508576,111.636742,21.25,-40.5,45.736336,0.002,0.02213,5.124618,0.206897,4.549418,4.8113
71,0.963667,0.988008,0.513885,113.578627,21.25,-31.5,37.99753,0.003,0.027439,7.066503,0.310345,5.640713,6.634459
72,0.962333,0.98781,0.516371,113.582768,21.25,-22.5,30.948545,0.004333,0.029925,7.070644,0.448276,6.151765,6.638346
73,0.961667,0.987012,0.52109,114.735275,21.25,-13.5,25.175632,0.005,0.034644,8.223151,0.517241,7.121826,7.720389
74,0.961,0.98707,0.514897,114.839003,21.25,-4.5,21.721245,0.005667,0.028451,8.326879,0.586207,5.848734,7.817776
75,0.961667,0.988353,0.510467,113.860506,21.25,4.5,21.721245,0.005,0.024021,7.348382,0.517241,4.938059,6.899104
76,0.961667,0.988107,0.517506,114.402625,21.25,13.5,25.175632,0.005,0.03106,7.890501,0.517241,6.385044,7.408077
77,0.961333,0.988836,0.510991,112.784021,21.25,22.5,30.948545,0.005333,0.024545,6.271896,0.551724,5.045738,5.888434
78,0.963,0.988042,0.505061,111.647537,21.25,31.5,37.99753,0.003667,0.018615,5.135413,0.37931,3.826799,4.821435
79,0.963333,0.987949,0.510836,111.396012,21.25,40.5,45.736336,0.003333,0.02439,4.883888,0.344828,5.013871,4.585288
80,0.966333,0.989593,0.499777,109.863595,29.75,-40.5,50.252487,0.000333,0.013331,3.351471,0.034483,2.740592,3.146563
81,0.964,0.988766,0.507202,108.878782,29.75,-31.5,43.327965,0.002667,0.020756,2.366658,0.275862,4.266896,2.221961
82,0.963333,0.989162,0.510828,111.108158,29.75,-22.5,37.3003,0.003333,0.024382,4.596034,0.344828,5.012313,4.315033
83,0.962667,0.988401,0.510835,111.018177,29.75,-13.5,32.66975,0.004,0.024389,4.506053,0.413793,5.013724,4.230554
84,0.962333,0.988792,0.524063,112.281337,29.75,-4.5,30.088411,0.004333,0.037617,5.769213,0.448276,7.732966,5.416485
85,0.966,0.989389,0.510602,110.49235,29.75,4.5,30.088411,0.000667,0.024156,3.980226,0.068966,4.965764,3.736876
86,0.963667,0.989621,0.516187,110.378536,29.75,13.5,32.66975,0.003,0.029741,3.866412,0.310345,6.114018,3.630021
87,0.965667,0.988281,0.511466,111.168018,29.75,22.5,37.3003,0.001,0.02502,4.655894,0.103448,5.14344,4.371234
88,0.965667,0.989009,0.511789,109.786841,29.75,31.5,43.327965,0.001,0.025343,3.274717,0.103448,5.209866,3.074501
89,0.964667,0.989016,0.505764,108.929222,29.75,40.5,50.252487,0.002,0.019318,2.417098,0.206897,3.971168,2.269317
90,0.964,0.989269,0.502147,108.02109,38.25,-40.5,55.707382,0.002667,0.015701,1.508965,0.275862,3.227765,1.416708
91,0.965667,0.989415,0.506722,107.756692,38.25,-31.5,49.55111,0.001,0.020276,1.244568,0.103448,4.168103,1.168475
92,0.966,0.989516,0.510466,109.785626,38.25,-22.5,44.376938,0.000667,0.02402,3.273502,0.068966,4.937808,3.073361
93,0.963,0.988865,0.516108,110.558599,38.25,-13.5,40.56245,0.003667,0.029662,4.046475,0.37931,6.097694,3.799075
94,0.964667,0.988349,0.516546,109.30376,38.25,-4.5,38.513798,0.002,0.0301,2.791636,0.206897,6.187702,2.620956
95,0.963667,0.988546,0.514271,110.040775,38.25,4.5,38.513798,0.003,0.027825,3.528651,0.310345,5.720117,3.31291
96,0.966333,0.989356,0.508831,108.873226,38.25,13.5,40.56245,0.000333,0.022385,2.361102,0.034483,4.601672,2.216745
97,0.966,0.988941,0.513246,108.466656,38.25,22.5,44.376938,0.000667,0.0268,1.954532,0.068966,5.509296,1.835032
98,0.966333,0.989325,0.506095,108.575539,38.25,31.5,49.55111,0.000333,0.019649,2.063414,0.034483,4.039225,1.937258
99,0.964667,0.989698,0.502888,108.512439,38.25,40.5,55.707382,0.002,0.016442,2.000315,0.206897,3.379949,1.878016
100,0.964,0.988256,0.50457,110.790336,-38.25,53.75,65.970634,0.002667,0.018124,4.278212,0.275862,3.725886,4.016643
101,0.965,0.988684,0.504999,112.915387,-12.75,53.75,55.241516,0.001667,0.018553,6.403263,0.172414,3.813935,6.011769
102,0.966333,0.989114,0.503814,110.137514,12.75,53.75,55.241516,0.000333,0.017368,3.62539,0.034483,3.570328,3.403735
103,0.967667,0.989534,0.49627,108.080813,38.25,53.75,65.970634,-0.001,0.009824,1.568689,-0.103448,2.019481,1.47278
104,0.964667,0.988949,0.510951,113.619308,-38.25,-53.75,65.970634,0.002,0.024505,7.107184,0.206897,5.037619,6.672652
105,0.965333,0.987429,0.506444,113.504276,-12.75,-53.75,55.241516,0.001333,0.019998,6.992152,0.137931,4.11103,6.564653
106,0.963333,0.988661,0.502792,111.204148,12.75,-53.75,55.241516,0.003333,0.016346,4.692024,0.344828,3.360385,4.405154
107,0.966333,0.98927,0.499407,108.199712,38.25,-53.75,65.970634,0.000333,0.012961,1.687588,0.034483,2.664471,1.584409
108,0.966,0.989432,0.506324,112.797167,-50.4,-53.75,73.68326,0.000667,0.019878,6.285043,0.068966,4.086424,5.900777
109,0.963667,0.988152,0.498709,110.546738,-50.4,53.75,73.68326,0.003,0.012263,4.034613,0.310345,2.520937,3.787938
110,0.963,0.988174,0.509478,114.104043,-50.4,-40.5,64.65609,0.003667,0.023032,7.591919,0.37931,4.7347,7.127751
111,0.966,0.987929,0.517485,115.506344,-50.4,-13.5,52.17672,0.000667,0.031039,8.99422,0.068966,6.380786,8.444316
112,0.962667,0.988348,0.518823,116.562306,-50.4,13.5,52.17672,0.004,0.032377,10.050182,0.413793,6.655901,9.435716
113,0.964333,0.987478,0.509904,111.687588,-50.4,40.5,64.65609,0.002333,0.023458,5.175463,0.241379,4.822248,4.859037
114,0.966333,0.989112,0.499958,107.46038,50.4,-40.5,64.65609,0.000333,0.013512,0.948255,0.034483,2.777745,0.890279
115,0.966,0.988982,0.508754,108.098867,50.4,-13.5,52.17672,0.000667,0.022309,1.586742,0.068966,4.586019,1.489729
116,0.967,0.989541,0.505722,108.297141,50.4,13.5,52.17672,-0.000333,0.019276,1.785017,-0.034483,3.962532,1.675882
117,0.967,0.988996,0.501996,107.998589,50.4,40.5,64.65609,-0.000333,0.01555,1.486465,-0.034483,3.196711,1.395583
118,0.966667,0.989709,0.497007,107.852495,50.4,-53.75,73.68326,0.0,0.010561,1.340371,0.0,2.171002,1.258421
119,0.964667,0.989044,0.498518,107.324288,50.4,53.75,73.68326,0.002,0.012072,0.812164,0.206897,2.481596,0.762508
