event_idx,,rank,attention,detector_id,t_bin,particle_count,total_energy,x_center,y_center
0,0,1,0.8927217721939087,111,14.0,1.0,0.02169172279536724,-50.400001525878906,-13.5
0,1,2,0.09619946777820587,33,71.0,1.0,71.06851196289062,-12.75,-13.5
0,2,3,0.006005851086229086,10,39.0,1.0,0.09382332116365433,-29.75,-40.5
0,3,4,0.0007998874061740935,12,61.0,1.0,0.007868350483477116,-29.75,-22.5
0,4,5,0.0007717324187979102,16,56.0,1.0,0.005495533812791109,-29.75,13.5
1,0,1,0.3314436376094818,111,0.0,1.0,0.0835932120680809,-50.400001525878906,-13.5
1,1,2,0.2643390893936157,5,7.0,1.0,0.055429521948099136,-38.25,4.5
1,2,3,0.12752771377563477,16,8.0,1.0,0.2265077531337738,-29.75,13.5
1,3,4,0.08500195294618607,10,7.0,1.0,0.0927051529288292,-29.75,-40.5
1,4,5,0.02787153422832489,10,13.0,1.0,0.005586804356426001,-29.75,-40.5
2,0,1,0.573504626750946,110,10.0,1.0,0.02404407598078251,-50.400001525878906,-40.5
2,1,2,0.171082004904747,100,8.0,1.0,0.02407301403582096,-38.25,53.75
2,2,3,0.06823965907096863,11,17.0,1.0,0.1127588078379631,-29.75,-31.5
2,3,4,0.0552859790623188,11,18.0,1.0,0.13502076268196106,-29.75,-31.5
2,4,5,0.03813730552792549,1,22.0,1.0,0.004635668825358152,-38.25,-31.5
3,0,1,0.38349029421806335,15,1.0,1.0,0.05890746787190437,-29.75,4.5
3,1,2,0.1420823037624359,12,5.0,1.0,0.013456347398459911,-29.75,-22.5
3,2,3,0.10089308023452759,6,3.0,1.0,0.015868419781327248,-38.25,13.5
3,3,4,0.057658206671476364,23,8.0,1.0,0.012692242860794067,-21.25,-13.5
3,4,5,0.056497711688280106,33,4.0,3.0,0.090046226978302,-12.75,-13.5
4,0,1,0.26463526487350464,6,1.0,1.0,0.13154897093772888,-38.25,13.5
4,1,2,0.1763169765472412,14,8.0,1.0,0.04085922986268997,-29.75,-4.5
4,2,3,0.12339306622743607,15,8.0,1.0,0.05825415998697281,-29.75,4.5
4,3,4,0.10983562469482422,110,6.0,1.0,0.015177222900092602,-50.400001525878906,-40.5
4,4,5,0.07136481255292892,15,10.0,1.0,0.03985702246427536,-29.75,4.5
5,0,1,0.9468996524810791,3,18.0,1.0,71.25821685791016,-38.25,-13.5
5,1,2,0.025749078020453453,108,8.0,1.0,0.08021397888660431,-50.400001525878906,-53.75
5,2,3,0.004800853319466114,3,22.0,1.0,0.01170650776475668,-38.25,-13.5
5,3,4,0.001990912714973092,9,22.0,2.0,0.12353665381669998,-38.25,40.5
5,4,5,0.0014783215010538697,16,36.0,1.0,9.07889461517334,-29.75,13.5
6,0,1,0.5065749287605286,113,2.0,1.0,18.313552856445312,-50.400001525878906,40.5
6,1,2,0.17218603193759918,111,6.0,1.0,0.15452271699905396,-50.400001525878906,-13.5
6,2,3,0.09063258022069931,108,12.0,1.0,0.04217032715678215,-50.400001525878906,-53.75
6,3,4,0.06217926740646362,108,18.0,1.0,0.0013158830115571618,-50.400001525878906,-53.75
6,4,5,0.032536379992961884,2,18.0,1.0,0.15986421704292297,-38.25,-22.5
7,0,1,0.14287824928760529,112,0.0,2.0,0.19285105168819427,-50.400001525878906,13.5
7,1,2,0.11187691241502762,6,5.0,1.0,0.01150986086577177,-38.25,13.5
7,2,3,0.0905071496963501,0,5.0,1.0,0.0040157753974199295,-38.25,-40.5
7,3,4,0.08675204962491989,13,10.0,1.0,0.05192863941192627,-29.75,-13.5
7,4,5,0.06877846270799637,15,10.0,1.0,0.005205343011766672,-29.75,4.5
8,0,1,0.730318546295166,108,0.0,1.0,0.03332057222723961,-50.400001525878906,-53.75
8,1,2,0.18299226462841034,19,17.0,1.0,18.113628387451172,-29.75,40.5
8,2,3,0.04301998391747475,15,19.0,1.0,0.03418688103556633,-29.75,4.5
8,3,4,0.03795436769723892,113,41.0,1.0,0.02316669560968876,-50.400001525878906,40.5
8,4,5,0.0011027472792193294,36,31.0,1.0,0.1451520472764969,-12.75,13.5
9,0,1,0.9116336107254028,111,5.0,1.0,0.044387176632881165,-50.400001525878906,-13.5
9,1,2,0.038031015545129776,6,20.0,1.0,0.0024000888224691153,-38.25,13.5
9,2,3,0.01718558929860592,21,20.0,1.0,0.047059305012226105,-21.25,-31.5
9,3,4,0.014842545613646507,21,21.0,1.0,0.28959476947784424,-21.25,-31.5
9,4,5,0.005301386583596468,24,27.0,1.0,0.04781661182641983,-21.25,-4.5
10,0,1,0.47214972972869873,13,0.0,1.0,20.057260513305664,-29.75,-13.5
10,1,2,0.09510046988725662,14,0.0,1.0,0.1919117122888565,-29.75,-4.5
10,2,3,0.08699817210435867,4,0.0,1.0,0.9930083155632019,-38.25,-4.5
10,3,4,0.055110517889261246,13,2.0,1.0,0.044034164398908615,-29.75,-13.5
10,4,5,0.05328686907887459,37,3.0,1.0,17.379507064819336,-12.75,22.5
11,0,1,0.3492662012577057,5,6.0,1.0,0.07772739231586456,-38.25,4.5
11,1,2,0.21386052668094635,1,7.0,1.0,0.07406996190547943,-38.25,-31.5
11,2,3,0.12999793887138367,1,9.0,1.0,0.05923626944422722,-38.25,-31.5
11,3,4,0.11007685959339142,113,0.0,1.0,0.013601266779005527,-50.400001525878906,40.5
11,4,5,0.05476825684309006,6,11.0,1.0,0.004231659695506096,-38.25,13.5
12,0,1,0.7792422771453857,108,26.0,1.0,0.02776648849248886,-50.400001525878906,-53.75
12,1,2,0.10718446224927902,2,27.0,1.0,0.08622196316719055,-38.25,-22.5
12,2,3,0.022851983085274696,1,36.0,1.0,0.0122423330321908,-38.25,-31.5
12,3,4,0.02273702435195446,2,36.0,1.0,0.022453494369983673,-38.25,-22.5
12,4,5,0.02216898649930954,8,30.0,1.0,0.052625928074121475,-38.25,31.5
13,0,1,0.11937452852725983,15,7.0,1.0,0.015781806781888008,-29.75,4.5
13,1,2,0.10427049547433853,112,2.0,1.0,0.167674720287323,-50.400001525878906,13.5
13,2,3,0.05924544110894203,7,3.0,1.0,0.4897158741950989,-38.25,22.5
13,3,4,0.05562620237469673,25,8.0,1.0,0.14041578769683838,-21.25,4.5
13,4,5,0.0478932186961174,12,10.0,1.0,0.10855665802955627,-29.75,-22.5
14,0,1,0.3533341884613037,111,2.0,1.0,0.0448773019015789,-50.400001525878906,-13.5
14,1,2,0.3190886974334717,6,5.0,1.0,0.1502593457698822,-38.25,13.5
14,2,3,0.16020116209983826,109,0.0,1.0,0.03627108782529831,-50.400001525878906,53.75
14,3,4,0.08242041617631912,14,14.0,1.0,0.28519734740257263,-29.75,-4.5
14,4,5,0.03309394791722298,108,34.0,1.0,0.005604226607829332,-50.400001525878906,-53.75
15,0,1,0.43428683280944824,3,0.0,1.0,0.06098960340023041,-38.25,-13.5
15,1,2,0.13580888509750366,3,4.0,1.0,0.11788123100996017,-38.25,-13.5
15,2,3,0.1084785982966423,3,5.0,2.0,0.04712071269750595,-38.25,-13.5
15,3,4,0.055286724120378494,15,6.0,2.0,0.2749924659729004,-29.75,4.5
15,4,5,0.042912259697914124,1,5.0,1.0,0.13000406324863434,-38.25,-31.5
16,0,1,0.7616783380508423,111,3.0,1.0,0.023546723648905754,-50.400001525878906,-13.5
16,1,2,0.06641217321157455,104,27.0,1.0,0.013742812909185886,-38.25,-53.75
16,2,3,0.0472407303750515,104,32.0,1.0,0.003867159830406308,-38.25,-53.75
16,3,4,0.03577357158064842,5,22.0,1.0,0.06017399951815605,-38.25,4.5
16,4,5,0.01964617520570755,104,45.0,1.0,0.017864085733890533,-38.25,-53.75
17,0,1,0.840201199054718,104,9.0,1.0,0.015267102047801018,-38.25,-53.75
17,1,2,0.057537756860256195,8,20.0,1.0,0.05579525977373123,-38.25,31.5
17,2,3,0.0425083190202713,10,25.0,1.0,0.07771103829145432,-29.75,-40.5
17,3,4,0.026131846010684967,10,28.0,1.0,0.03846355900168419,-29.75,-40.5
17,4,5,0.024327820166945457,16,27.0,1.0,0.12690480053424835,-29.75,13.5
18,0,1,0.7198996543884277,55,44.0,2.0,156.7519073486328,4.25,4.5
18,1,2,0.09671112895011902,15,16.0,1.0,6.618858814239502,-29.75,4.5
18,2,3,0.04318869113922119,104,13.0,1.0,0.04575252905488014,-38.25,-53.75
18,3,4,0.025664322078227997,100,15.0,1.0,0.0626840814948082,-38.25,53.75
18,4,5,0.021920882165431976,11,19.0,2.0,4.896121025085449,-29.75,-31.5
19,0,1,0.27064821124076843,2,7.0,1.0,0.018629195168614388,-38.25,-22.5
19,1,2,0.2381526678800583,14,8.0,1.0,0.07820794731378555,-29.75,-4.5
19,2,3,0.1016881912946701,111,9.0,1.0,0.017404653131961823,-50.400001525878906,-13.5
19,3,4,0.06810932606458664,2,12.0,1.0,0.009621502831578255,-38.25,-22.5
19,4,5,0.0652095302939415,7,5.0,1.0,0.03029358759522438,-38.25,22.5
20,0,1,0.7422768473625183,112,0.0,1.0,0.058777887374162674,-50.400001525878906,13.5
20,1,2,0.18432308733463287,113,18.0,1.0,0.0034386322367936373,-50.400001525878906,40.5
20,2,3,0.06548649072647095,1,21.0,1.0,0.028335899114608765,-38.25,-31.5
20,3,4,0.002577623352408409,15,37.0,1.0,0.19820784032344818,-29.75,4.5
20,4,5,0.0016053349245339632,13,42.0,1.0,0.036688074469566345,-29.75,-13.5
21,0,1,0.8879154324531555,5,19.0,1.0,0.009845892898738384,-38.25,4.5
21,1,2,0.05344569683074951,2,36.0,1.0,0.010916768573224545,-38.25,-22.5
21,2,3,0.02358470857143402,16,35.0,1.0,0.031552210450172424,-29.75,13.5
21,3,4,0.008915280923247337,19,39.0,1.0,0.021138330921530724,-29.75,40.5
21,4,5,0.007019846700131893,20,46.0,1.0,0.41379237174987793,-21.25,-40.5
22,0,1,0.6798466444015503,0,16.0,1.0,0.37201908230781555,-38.25,-40.5
22,1,2,0.1871190071105957,4,25.0,1.0,0.0010668042814359069,-38.25,-4.5
22,2,3,0.05877440422773361,3,32.0,1.0,0.012864667922258377,-38.25,-13.5
22,3,4,0.044253814965486526,7,30.0,1.0,0.019994590431451797,-38.25,22.5
22,4,5,0.004437562543898821,19,44.0,1.0,0.04489952698349953,-29.75,40.5
23,0,1,0.3573947548866272,6,17.0,1.0,12.223628044128418,-38.25,13.5
23,1,2,0.31725427508354187,112,1.0,2.0,0.010570690035820007,-50.400001525878906,13.5
23,2,3,0.2986789643764496,111,4.0,1.0,0.06128718703985214,-50.400001525878906,-13.5
23,3,4,0.01045665517449379,45,89.0,4.0,90.24980926513672,-4.25,4.5
23,4,5,0.008494549430906773,6,25.0,1.0,0.030171696096658707,-38.25,13.5
24,0,1,0.3183736503124237,7,10.0,2.0,0.03843701258301735,-38.25,22.5
24,1,2,0.21308307349681854,104,18.0,1.0,0.047801848500967026,-38.25,-53.75
24,2,3,0.09646087884902954,5,20.0,1.0,0.1666211485862732,-38.25,4.5
24,3,4,0.07372692972421646,5,21.0,1.0,0.0008501516422256827,-38.25,4.5
24,4,5,0.05756562575697899,0,21.0,1.0,0.027639415115118027,-38.25,-40.5
25,0,1,0.3224189281463623,8,0.0,1.0,0.003553328337147832,-38.25,31.5
25,1,2,0.29210564494132996,17,6.0,2.0,0.02580919861793518,-29.75,22.5
25,2,3,0.2596025764942169,18,3.0,2.0,1.536078691482544,-29.75,31.5
25,3,4,0.12360862642526627,18,5.0,1.0,0.00932313408702612,-29.75,31.5
25,4,5,0.00039837011718191206,36,45.0,1.0,0.1005166545510292,-12.75,13.5
26,0,1,0.1632101833820343,3,6.0,1.0,0.38898223638534546,-38.25,-13.5
26,1,2,0.15090589225292206,13,6.0,1.0,0.11030519753694534,-29.75,-13.5
26,2,3,0.12006481736898422,2,6.0,1.0,0.1225767731666565,-38.25,-22.5
26,3,4,0.083640918135643,110,0.0,1.0,0.004520478658378124,-50.400001525878906,-40.5
26,4,5,0.07442758977413177,12,7.0,1.0,0.01686524972319603,-29.75,-22.5
27,0,1,0.5467860102653503,4,0.0,2.0,0.05435638502240181,-38.25,-4.5
27,1,2,0.10391243547201157,15,5.0,1.0,0.047246310859918594,-29.75,4.5
27,2,3,0.043245065957307816,12,8.0,1.0,0.08662585914134979,-29.75,-22.5
27,3,4,0.03929892182350159,25,7.0,1.0,0.2075972557067871,-21.25,4.5
27,4,5,0.039056647568941116,14,10.0,1.0,0.04411882162094116,-29.75,-4.5
28,0,1,0.2595749795436859,40,12.0,1.0,43.83457946777344,-4.25,-40.5
28,1,2,0.2223898321390152,22,4.0,1.0,0.018736880272626877,-21.25,-22.5
28,2,3,0.17946405708789825,112,7.0,1.0,0.03957584500312805,-50.400001525878906,13.5
28,3,4,0.10984362661838531,27,2.0,1.0,0.07715413719415665,-21.25,22.5
28,4,5,0.09219249337911606,26,7.0,1.0,0.019287792965769768,-21.25,13.5
29,0,1,0.6773243546485901,112,0.0,1.0,0.0391678623855114,-50.400001525878906,13.5
29,1,2,0.1734221875667572,5,16.0,1.0,0.17941203713417053,-38.25,4.5
29,2,3,0.08966638892889023,4,20.0,1.0,0.19512708485126495,-38.25,-4.5
29,3,4,0.01978444494307041,111,58.0,1.0,0.006783264223486185,-50.400001525878906,-13.5
29,4,5,0.0056768786162137985,4,34.0,1.0,0.030694441869854927,-38.25,-4.5
30,0,1,0.12985077500343323,14,1.0,1.0,0.017452549189329147,-29.75,-4.5
30,1,2,0.1068829894065857,14,2.0,1.0,0.2568870484828949,-29.75,-4.5
30,2,3,0.10564505308866501,15,0.0,1.0,0.06207970902323723,-29.75,4.5
30,3,4,0.09734851866960526,13,2.0,1.0,0.11932246387004852,-29.75,-13.5
30,4,5,0.0818287655711174,14,3.0,1.0,0.10591133683919907,-29.75,-4.5
31,0,1,0.37606072425842285,111,8.0,1.0,0.03851179778575897,-50.400001525878906,-13.5
31,1,2,0.1654941439628601,6,11.0,1.0,0.015744712203741074,-38.25,13.5
31,2,3,0.16024330258369446,1,13.0,1.0,0.024908682331442833,-38.25,-31.5
31,3,4,0.14806585013866425,6,12.0,2.0,0.04337257891893387,-38.25,13.5
31,4,5,0.06818939745426178,111,33.0,1.0,0.0010731042129918933,-50.400001525878906,-13.5
32,0,1,0.24195583164691925,23,0.0,2.0,0.6367293000221252,-21.25,-13.5
32,1,2,0.094914510846138,26,0.0,1.0,0.15743660926818848,-21.25,13.5
32,2,3,0.08227888494729996,35,0.0,3.0,0.5574912428855896,-12.75,4.5
32,3,4,0.07910314202308655,26,1.0,1.0,0.07571253925561905,-21.25,13.5
32,4,5,0.05702051520347595,36,0.0,1.0,2.1103172302246094,-12.75,13.5
33,0,1,0.979487419128418,6,14.0,1.0,0.03190920129418373,-38.25,13.5
33,1,2,0.006591502111405134,11,43.0,1.0,0.01817188784480095,-29.75,-31.5
33,2,3,0.006106191780418158,12,43.0,1.0,0.03198267146945,-29.75,-22.5
33,3,4,0.004639181774109602,18,40.0,1.0,0.03838338702917099,-29.75,31.5
33,4,5,0.0011534701334312558,21,56.0,1.0,0.017391955479979515,-21.25,-31.5
34,0,1,0.22370757162570953,2,1.0,1.0,0.08375442028045654,-38.25,-22.5
34,1,2,0.18809843063354492,13,3.0,1.0,0.05112196505069733,-29.75,-13.5
34,2,3,0.17153361439704895,24,2.0,2.0,0.5718608498573303,-21.25,-4.5
34,3,4,0.10824701935052872,24,3.0,1.0,0.0013949420535936952,-21.25,-4.5
34,4,5,0.05670686811208725,10,0.0,1.0,0.4386058449745178,-29.75,-40.5
35,0,1,0.2716524600982666,110,0.0,1.0,0.06302199512720108,-50.400001525878906,-40.5
35,1,2,0.23852470517158508,110,3.0,1.0,0.2738721966743469,-50.400001525878906,-40.5
35,2,3,0.12481219321489334,110,16.0,1.0,0.07672475278377533,-50.400001525878906,-40.5
35,3,4,0.1144077479839325,25,57.0,1.0,68.96131896972656,-21.25,4.5
35,4,5,0.09724064916372299,111,23.0,1.0,0.01714773289859295,-50.400001525878906,-13.5
36,0,1,0.5819777250289917,24,0.0,1.0,0.11058693379163742,-21.25,-4.5
36,1,2,0.1568593978881836,25,4.0,1.0,0.04641301929950714,-21.25,4.5
36,2,3,0.08877995610237122,108,4.0,1.0,0.0035451753064990044,-50.400001525878906,-53.75
36,3,4,0.07554806023836136,21,3.0,1.0,0.10987725108861923,-21.25,-31.5
36,4,5,0.06779992580413818,112,10.0,1.0,0.004246190655976534,-50.400001525878906,13.5
37,0,1,0.5858588814735413,110,8.0,1.0,0.02904811128973961,-50.400001525878906,-40.5
37,1,2,0.27005571126937866,109,8.0,1.0,0.015060653910040855,-50.400001525878906,53.75
37,2,3,0.06846284121274948,7,16.0,1.0,0.007933679968118668,-38.25,22.5
37,3,4,0.05761555954813957,7,17.0,1.0,0.018314283341169357,-38.25,22.5
37,4,5,0.015376328490674496,7,25.0,1.0,0.0011466986034065485,-38.25,22.5
38,0,1,0.8631060123443604,111,0.0,1.0,0.07507472485303879,-50.400001525878906,-13.5
38,1,2,0.12752021849155426,4,18.0,1.0,0.1456332504749298,-38.25,-4.5
38,2,3,0.0024204649962484837,8,35.0,1.0,0.014429078437387943,-38.25,31.5
38,3,4,0.001278245123103261,15,39.0,1.0,0.022785652428865433,-29.75,4.5
38,4,5,0.0007990075391717255,17,41.0,1.0,0.01671651192009449,-29.75,22.5
39,0,1,0.6389079689979553,111,0.0,1.0,0.1892033964395523,-50.400001525878906,-13.5
39,1,2,0.3261587619781494,112,9.0,1.0,0.019546085968613625,-50.400001525878906,13.5
39,2,3,0.009356033988296986,5,30.0,1.0,0.10677696019411087,-38.25,4.5
39,3,4,0.007559342309832573,4,32.0,1.0,0.021888570860028267,-38.25,-4.5
39,4,5,0.006420293357223272,4,33.0,1.0,0.01573559083044529,-38.25,-4.5
40,0,1,0.9992127418518066,4,6.0,1.0,5.998746871948242,-38.25,-4.5
40,1,2,0.00016799599688965827,101,95.0,1.0,0.007767088245600462,-12.75,53.75
40,2,3,0.00012654940655920655,1,82.0,1.0,0.005302581004798412,-38.25,-31.5
40,3,4,6.789623876102269e-05,39,73.0,1.0,0.03879910707473755,-12.75,40.5
40,4,5,5.198776852921583e-05,106,138.0,1.0,0.028129974380135536,12.75,-53.75
41,0,1,0.16161756217479706,12,0.0,1.0,0.02150309644639492,-29.75,-22.5
41,1,2,0.15158481895923615,15,1.0,1.0,0.016882970929145813,-29.75,4.5
41,2,3,0.09348253160715103,16,0.0,1.0,0.34885749220848083,-29.75,13.5
41,3,4,0.06448827683925629,26,0.0,1.0,0.15421107411384583,-21.25,13.5
41,4,5,0.053745098412036896,35,0.0,1.0,1.6761562824249268,-12.75,4.5
42,0,1,0.377185195684433,3,0.0,1.0,0.053480327129364014,-38.25,-13.5
42,1,2,0.2100590616464615,13,3.0,2.0,0.739526093006134,-29.75,-13.5
42,2,3,0.12045926600694656,4,4.0,1.0,0.03569773584604263,-38.25,-4.5
42,3,4,0.04728278890252113,3,8.0,1.0,0.03073410503566265,-38.25,-13.5
42,4,5,0.03898225724697113,23,7.0,3.0,0.46904703974723816,-21.25,-13.5
43,0,1,0.8055217266082764,10,17.0,1.0,0.04661174118518829,-29.75,-40.5
43,1,2,0.09525970369577408,20,26.0,2.0,0.7491745352745056,-21.25,-40.5
43,2,3,0.022075984627008438,27,30.0,1.0,0.14953412115573883,-21.25,22.5
43,3,4,0.011363791301846504,11,43.0,1.0,0.0033420450054109097,-29.75,-31.5
43,4,5,0.008898826315999031,34,34.0,1.0,0.29951661825180054,-12.75,-4.5
44,0,1,0.3859373927116394,13,0.0,1.0,0.07608658075332642,-29.75,-13.5
44,1,2,0.2452021688222885,14,2.0,1.0,0.015524065122008324,-29.75,-4.5
44,2,3,0.11333239823579788,23,2.0,1.0,0.06037420779466629,-21.25,-13.5
44,3,4,0.07149035483598709,22,2.0,1.0,0.23799008131027222,-21.25,-22.5
44,4,5,0.026791328564286232,2,10.0,1.0,0.003034935100004077,-38.25,-22.5
45,0,1,0.7788903117179871,112,0.0,2.0,0.047137074172496796,-50.400001525878906,13.5
45,1,2,0.1125299334526062,111,33.0,1.0,0.001214176299981773,-50.400001525878906,-13.5
45,2,3,0.0662747472524643,109,30.0,1.0,0.0315132811665535,-50.400001525878906,53.75
45,3,4,0.014197103679180145,8,23.0,1.0,0.06570673733949661,-38.25,31.5
45,4,5,0.009042724035680294,0,32.0,1.0,0.004487540572881699,-38.25,-40.5
46,0,1,0.24036887288093567,0,3.0,1.0,0.04667991027235985,-38.25,-40.5
46,1,2,0.22477248311042786,2,8.0,1.0,0.11894054710865021,-38.25,-22.5
46,2,3,0.2162652611732483,112,0.0,1.0,0.003884083591401577,-50.400001525878906,13.5
46,3,4,0.13873596489429474,34,23.0,1.0,25.586767196655273,-12.75,-4.5
46,4,5,0.07590425759553909,31,16.0,1.0,21.10175323486328,-12.75,-31.5
47,0,1,0.5362018346786499,112,0.0,1.0,0.18060548603534698,-50.400001525878906,13.5
47,1,2,0.4500270187854767,112,3.0,1.0,0.041339483112096786,-50.400001525878906,13.5
47,2,3,0.004845139104872942,7,31.0,1.0,0.028717326000332832,-38.25,22.5
47,3,4,0.0019614300690591335,15,36.0,1.0,0.07271172106266022,-29.75,4.5
47,4,5,0.0018497483106330037,0,43.0,1.0,0.02232091873884201,-38.25,-40.5
48,0,1,0.440155565738678,27,0.0,3.0,77.82489776611328,-21.25,22.5
48,1,2,0.38394445180892944,110,0.0,1.0,130.8539581298828,-50.400001525878906,-40.5
48,2,3,0.04307441785931587,24,3.0,1.0,0.07447408139705658,-21.25,-4.5
48,3,4,0.024391518905758858,26,4.0,1.0,1.1386672258377075,-21.25,13.5
48,4,5,0.01697397418320179,112,13.0,1.0,0.012516779825091362,-50.400001525878906,13.5
49,0,1,0.4084291160106659,111,0.0,1.0,0.026043377816677094,-50.400001525878906,-13.5
49,1,2,0.252506285905838,4,11.0,1.0,0.016312504187226295,-38.25,-4.5
49,2,3,0.15074589848518372,1,11.0,1.0,0.01656603254377842,-38.25,-31.5
49,3,4,0.07730928063392639,1,14.0,1.0,0.08000050485134125,-38.25,-31.5
49,4,5,0.02987571433186531,0,17.0,1.0,0.018849289044737816,-38.25,-40.5
50,0,1,0.270524263381958,3,1.0,1.0,0.01125021930783987,-38.25,-13.5
50,1,2,0.2148609459400177,3,2.0,1.0,0.23890835046768188,-38.25,-13.5
50,2,3,0.1780547797679901,24,14.0,1.0,21.186826705932617,-21.25,-4.5
50,3,4,0.0715247392654419,13,7.0,1.0,1.9911410808563232,-29.75,-13.5
50,4,5,0.050123170018196106,24,15.0,1.0,13.578832626342773,-21.25,-4.5
51,0,1,0.6341118812561035,15,0.0,1.0,0.09238038957118988,-29.75,4.5
51,1,2,0.3646177053451538,15,2.0,1.0,0.037042517215013504,-29.75,4.5
51,2,3,0.0010539267677813768,10,24.0,1.0,0.013017319142818451,-29.75,-40.5
51,3,4,6.163989019114524e-05,37,39.0,1.0,0.015483509749174118,-12.75,22.5
51,4,5,2.6702304239734076e-05,47,44.0,1.0,0.13005074858665466,-4.25,22.5
52,0,1,0.09703655540943146,108,12.0,1.0,0.012088646180927753,-50.400001525878906,-53.75
52,1,2,0.09249380230903625,110,15.0,1.0,0.0016029097605496645,-50.400001525878906,-40.5
52,2,3,0.08006300777196884,2,15.0,1.0,0.30208656191825867,-38.25,-22.5
52,3,4,0.07790307700634003,1,14.0,1.0,0.7858902215957642,-38.25,-31.5
52,4,5,0.06829960644245148,1,15.0,2.0,0.6498169302940369,-38.25,-31.5
53,0,1,0.1147763580083847,33,7.0,1.0,20.545509338378906,-12.75,-13.5
53,1,2,0.09060531109571457,2,2.0,1.0,0.13009054958820343,-38.25,-22.5
53,2,3,0.0885145515203476,4,3.0,1.0,0.07718253135681152,-38.25,-4.5
53,3,4,0.044826608151197433,3,6.0,1.0,0.004471321124583483,-38.25,-13.5
53,4,5,0.041578106582164764,1,3.0,1.0,0.040526382625103,-38.25,-31.5
54,0,1,0.1274171620607376,13,0.0,1.0,0.061730965971946716,-29.75,-13.5
54,1,2,0.11152895539999008,14,1.0,1.0,0.23924341797828674,-29.75,-4.5
54,2,3,0.09067946672439575,15,0.0,1.0,0.22971220314502716,-29.75,4.5
54,3,4,0.08400723338127136,14,2.0,1.0,0.0016892523271963,-29.75,-4.5
54,4,5,0.06620258837938309,14,3.0,1.0,0.019915122538805008,-29.75,-4.5
55,0,1,0.3942053020000458,3,13.0,1.0,11.00390625,-38.25,-13.5
55,1,2,0.2711371183395386,5,6.0,1.0,0.10248095542192459,-38.25,4.5
55,2,3,0.13317379355430603,5,9.0,1.0,0.12317837029695511,-38.25,4.5
55,3,4,0.09032167494297028,4,12.0,1.0,0.13454961776733398,-38.25,-4.5
55,4,5,0.07561478018760681,112,9.0,1.0,0.011871512047946453,-50.400001525878906,13.5
56,0,1,0.5129482746124268,112,5.0,1.0,0.2521340847015381,-50.400001525878906,13.5
56,1,2,0.1342792809009552,113,20.0,1.0,0.0073144705966115,-50.400001525878906,40.5
56,2,3,0.11081315577030182,100,10.0,1.0,0.21485190093517303,-38.25,53.75
56,3,4,0.08393093943595886,100,14.0,1.0,0.03113715536892414,-38.25,53.75
56,4,5,0.06348972022533417,7,18.0,1.0,3.6820802688598633,-38.25,22.5
57,0,1,0.2615121901035309,14,0.0,1.0,0.22211863100528717,-29.75,-4.5
57,1,2,0.16211175918579102,15,0.0,1.0,0.059772245585918427,-29.75,4.5
57,2,3,0.13079963624477386,15,1.0,1.0,0.023940524086356163,-29.75,4.5
57,3,4,0.12639911472797394,4,2.0,1.0,0.013410008512437344,-38.25,-4.5
57,4,5,0.041677311062812805,34,0.0,1.0,0.1307598501443863,-12.75,-4.5
58,0,1,0.2824476957321167,4,14.0,1.0,0.09104744344949722,-38.25,-4.5
58,1,2,0.2582699954509735,5,13.0,1.0,0.026333650574088097,-38.25,4.5
58,2,3,0.19943109154701233,5,14.0,1.0,0.020700227469205856,-38.25,4.5
58,3,4,0.0943724513053894,5,17.0,1.0,0.03026108257472515,-38.25,4.5
58,4,5,0.044538818299770355,108,42.0,1.0,0.0055472697131335735,-50.400001525878906,-53.75
59,0,1,0.9633313417434692,110,24.0,1.0,0.03630005568265915,-50.400001525878906,-40.5
59,1,2,0.03285402059555054,5,34.0,1.0,0.29753172397613525,-38.25,4.5
59,2,3,0.0011662970064207911,9,61.0,1.0,0.005133851431310177,-38.25,40.5
59,3,4,0.0010845677461475134,15,57.0,1.0,0.026258435100317,-29.75,4.5
59,4,5,0.00025051156990230083,27,66.0,1.0,0.010472897440195084,-21.25,22.5
60,0,1,0.831988513469696,110,0.0,1.0,0.10470867156982422,-50.400001525878906,-40.5
60,1,2,0.07594294846057892,0,17.0,1.0,0.09366399794816971,-38.25,-40.5
60,2,3,0.03741450980305672,100,28.0,1.0,0.06464486569166183,-38.25,53.75
60,3,4,0.025478055700659752,13,23.0,1.0,0.04262736067175865,-29.75,-13.5
60,4,5,0.009580956771969795,11,27.0,1.0,0.013771673664450645,-29.75,-31.5
61,0,1,0.5555006861686707,112,3.0,1.0,0.10725631564855576,-50.400001525878906,13.5
61,1,2,0.19769889116287231,104,8.0,1.0,0.12395551800727844,-38.25,-53.75
61,2,3,0.06679072976112366,6,15.0,1.0,0.008303539827466011,-38.25,13.5
61,3,4,0.05300319939851761,111,39.0,1.0,0.008600431494414806,-50.400001525878906,-13.5
61,4,5,0.022072477266192436,25,19.0,1.0,1.0802935361862183,-21.25,4.5
62,0,1,0.32874298095703125,5,3.0,2.0,0.6283981800079346,-38.25,4.5
62,1,2,0.1097799763083458,110,3.0,1.0,0.035815976560115814,-50.400001525878906,-40.5
62,2,3,0.10177433490753174,13,9.0,1.0,0.04525399208068848,-29.75,-13.5
62,3,4,0.09953930228948593,0,4.0,1.0,0.25112974643707275,-38.25,-40.5
62,4,5,0.09876762330532074,110,5.0,1.0,0.007650075946003199,-50.400001525878906,-40.5
63,0,1,0.7709543108940125,112,6.0,1.0,0.007355075795203447,-50.400001525878906,13.5
63,1,2,0.22722122073173523,3,18.0,1.0,0.09697786718606949,-38.25,-13.5
63,2,3,0.00048347917618229985,24,46.0,1.0,0.00967706460505724,-21.25,-4.5
63,3,4,0.0002800188376568258,21,58.0,2.0,0.30236658453941345,-21.25,-31.5
63,4,5,0.00026228607748635113,25,51.0,1.0,0.06789229065179825,-21.25,4.5
64,0,1,0.4204373061656952,111,4.0,1.0,0.012358115054666996,-50.400001525878906,-13.5
64,1,2,0.13156838715076447,110,19.0,1.0,0.009331963956356049,-50.400001525878906,-40.5
64,2,3,0.12789705395698547,1,18.0,1.0,8.744490623474121,-38.25,-31.5
64,3,4,0.1123686358332634,111,23.0,1.0,0.007315000984817743,-50.400001525878906,-13.5
64,4,5,0.09036930650472641,109,14.0,1.0,0.06038829684257507,-50.400001525878906,53.75
65,0,1,0.33969539403915405,3,4.0,1.0,3.5677835941314697,-38.25,-13.5
65,1,2,0.1403512954711914,27,2.0,1.0,6.85670280456543,-21.25,22.5
65,2,3,0.08424334228038788,109,0.0,6.0,4.6083984375,-50.400001525878906,53.75
65,3,4,0.07157387584447861,7,2.0,2.0,1.9848010540008545,-38.25,22.5
65,4,5,0.06718654930591583,113,0.0,1.0,0.24516451358795166,-50.400001525878906,40.5
66,0,1,0.22032430768013,6,1.0,1.0,0.03272729367017746,-38.25,13.5
66,1,2,0.17729045450687408,6,2.0,1.0,0.03465374559164047,-38.25,13.5
66,2,3,0.07700831443071365,14,10.0,1.0,0.0014252585824579,-29.75,-4.5
66,3,4,0.0686977207660675,2,10.0,1.0,0.003929832484573126,-38.25,-22.5
66,4,5,0.06340275704860687,14,11.0,1.0,0.4484514892101288,-29.75,-4.5
67,0,1,0.1553954780101776,12,1.0,1.0,0.01929008588194847,-29.75,-22.5
67,1,2,0.13476750254631042,5,1.0,1.0,0.02627028338611126,-38.25,4.5
67,2,3,0.09303237497806549,6,0.0,2.0,0.6650114059448242,-38.25,13.5
67,3,4,0.04421108588576317,15,7.0,1.0,0.08912605047225952,-29.75,4.5
67,4,5,0.043997932225465775,16,4.0,1.0,0.005436066538095474,-29.75,13.5
68,0,1,0.19559457898139954,112,1.0,1.0,0.006571706384420395,-50.400001525878906,13.5
68,1,2,0.16717924177646637,13,9.0,1.0,0.08347207307815552,-29.75,-13.5
68,2,3,0.12370096892118454,13,10.0,1.0,0.01672004908323288,-29.75,-13.5
68,3,4,0.08489838242530823,104,5.0,2.0,0.18454058468341827,-38.25,-53.75
68,4,5,0.08199337124824524,23,9.0,1.0,0.19590578973293304,-21.25,-13.5
69,0,1,0.4355408251285553,15,2.0,2.0,0.029852448031306267,-29.75,4.5
69,1,2,0.15283803641796112,113,1.0,4.0,3.9961230754852295,-50.400001525878906,40.5
69,2,3,0.08954090625047684,113,6.0,1.0,0.008704437874257565,-50.400001525878906,40.5
69,3,4,0.06480755656957626,8,0.0,1.0,0.7482295632362366,-38.25,31.5
69,4,5,0.051315564662218094,7,6.0,1.0,0.03583172708749771,-38.25,22.5
70,0,1,0.6411519646644592,34,5.0,14.0,26.557403564453125,-12.75,-4.5
70,1,2,0.0423186793923378,13,2.0,1.0,0.09061174839735031,-29.75,-13.5
70,2,3,0.028193501755595207,1,0.0,1.0,0.05291474610567093,-38.25,-31.5
70,3,4,0.026581356301903725,13,4.0,1.0,0.17142020165920258,-29.75,-13.5
70,4,5,0.02275766246020794,24,4.0,3.0,0.817638099193573,-21.25,-4.5
71,0,1,0.28697624802589417,14,21.0,1.0,0.0254815723747015,-29.75,-4.5
71,1,2,0.21982146799564362,14,22.0,1.0,0.014993170276284218,-29.75,-4.5
71,2,3,0.15532280504703522,113,50.0,1.0,0.0009173568687401712,-50.400001525878906,40.5
71,3,4,0.08934077620506287,8,21.0,1.0,0.031132979318499565,-38.25,31.5
71,4,5,0.08545345067977905,9,19.0,2.0,0.06946096569299698,-38.25,40.5
72,0,1,0.6629716753959656,5,1.0,1.0,0.5068966746330261,-38.25,4.5
72,1,2,0.13282819092273712,5,7.0,1.0,0.09213948249816895,-38.25,4.5
72,2,3,0.04511457681655884,16,9.0,1.0,0.5097861886024475,-29.75,13.5
72,3,4,0.03490618243813515,15,12.0,1.0,0.03477220982313156,-29.75,4.5
72,4,5,0.034303031861782074,6,10.0,1.0,0.0044735027477145195,-38.25,13.5
73,0,1,0.6314902901649475,3,12.0,1.0,0.4959639012813568,-38.25,-13.5
73,1,2,0.1366623193025589,8,7.0,1.0,0.17310379445552826,-38.25,31.5
73,2,3,0.11950666457414627,8,8.0,1.0,0.23944121599197388,-38.25,31.5
73,3,4,0.033877916634082794,100,29.0,1.0,0.015303386375308037,-38.25,53.75
73,4,5,0.028867732733488083,14,23.0,1.0,0.10443669557571411,-29.75,-4.5
74,0,1,0.2942478060722351,13,4.0,1.0,0.2548396587371826,-29.75,-13.5
74,1,2,0.17639166116714478,6,0.0,1.0,0.32012972235679626,-38.25,13.5
74,2,3,0.11924682557582855,4,7.0,1.0,0.13097672164440155,-38.25,-4.5
74,3,4,0.07691508531570435,6,4.0,1.0,0.024902088567614555,-38.25,13.5
74,4,5,0.07461123168468475,11,5.0,1.0,0.050902359187603,-29.75,-31.5
75,0,1,0.07961122691631317,44,0.0,21.0,10.908693313598633,-4.25,-4.5
75,1,2,0.07601925730705261,45,0.0,23.0,8.561920166015625,-4.25,4.5
75,2,3,0.06190452724695206,13,0.0,1.0,0.11850971728563309,-29.75,-13.5
75,3,4,0.0555538684129715,13,1.0,3.0,0.01009410060942173,-29.75,-13.5
75,4,5,0.0369449220597744,3,2.0,1.0,0.09712445735931396,-38.25,-13.5
76,0,1,0.5772263407707214,0,20.0,1.0,0.041875261813402176,-38.25,-40.5
76,1,2,0.19803327322006226,5,26.0,1.0,0.006576132960617542,-38.25,4.5
76,2,3,0.11420273035764694,111,69.0,1.0,0.005822452716529369,-50.400001525878906,-13.5
76,3,4,0.03782092034816742,0,37.0,1.0,0.005879812408238649,-38.25,-40.5
76,4,5,0.021297086030244827,20,34.0,2.0,0.16806745529174805,-21.25,-40.5
77,0,1,0.4316493272781372,111,0.0,1.0,0.05687474459409714,-50.400001525878906,-13.5
77,1,2,0.32413700222969055,110,3.0,1.0,0.0779872015118599,-50.400001525878906,-40.5
77,2,3,0.22150422632694244,112,9.0,1.0,0.05311198905110359,-50.400001525878906,13.5
77,3,4,0.011403357610106468,2,27.0,1.0,0.11977078765630722,-38.25,-22.5
77,4,5,0.0034921576734632254,12,31.0,1.0,0.17372041940689087,-29.75,-22.5
78,0,1,0.6038084626197815,111,6.0,1.0,0.022966083139181137,-50.400001525878906,-13.5
78,1,2,0.3207841217517853,7,5.0,1.0,0.07039157301187515,-38.25,22.5
78,2,3,0.034091655164957047,11,18.0,1.0,0.11180675029754639,-29.75,-31.5
78,3,4,0.02805877849459648,18,13.0,1.0,0.06329190731048584,-29.75,31.5
78,4,5,0.005502660293132067,14,28.0,1.0,0.022133132442831993,-29.75,-4.5
79,0,1,0.2037910521030426,19,0.0,2.0,0.007921222597360611,-29.75,40.5
79,1,2,0.10796009749174118,28,7.0,1.0,0.024639198556542397,-21.25,31.5
79,2,3,0.10348227620124817,101,3.0,1.0,0.32538294792175293,-12.75,53.75
79,3,4,0.09503329545259476,101,4.0,1.0,0.0006968185771256685,-12.75,53.75
79,4,5,0.08689279109239578,9,7.0,1.0,0.06514626741409302,-38.25,40.5
80,0,1,0.9521304368972778,104,26.0,1.0,0.005067347548902035,-38.25,-53.75
80,1,2,0.011161094531416893,24,36.0,1.0,0.3911692202091217,-21.25,-4.5
80,2,3,0.010998087003827095,26,34.0,1.0,0.09570734202861786,-21.25,13.5
80,3,4,0.005696787033230066,27,37.0,1.0,0.03412560746073723,-21.25,22.5
80,4,5,0.004817422479391098,26,39.0,1.0,0.0297072883695364,-21.25,13.5
81,0,1,0.757903516292572,4,0.0,3.0,0.01117908488959074,-38.25,-4.5
81,1,2,0.21344636380672455,4,4.0,1.0,0.0031068073585629463,-38.25,-4.5
81,2,3,0.02756088599562645,14,11.0,1.0,0.07384346425533295,-29.75,-4.5
81,3,4,0.00024434132501482964,29,43.0,1.0,0.03880878910422325,-21.25,40.5
81,4,5,0.00015305308625102043,39,46.0,1.0,0.24888886511325836,-12.75,40.5
82,0,1,0.24329587817192078,5,4.0,1.0,0.1052524670958519,-38.25,4.5
82,1,2,0.1518983393907547,14,8.0,2.0,0.1703006476163864,-29.75,-4.5
82,2,3,0.12089208513498306,13,8.0,1.0,0.1092776358127594,-29.75,-13.5
82,3,4,0.06061941385269165,7,4.0,1.0,0.18471567332744598,-38.25,22.5
82,4,5,0.047274697571992874,25,11.0,2.0,1.7187168598175049,-21.25,4.5
83,0,1,0.365944504737854,3,0.0,1.0,0.017709171399474144,-38.25,-13.5
83,1,2,0.12892313301563263,14,4.0,1.0,0.03652997687458992,-29.75,-4.5
83,2,3,0.10287747532129288,14,5.0,1.0,0.13581152260303497,-29.75,-4.5
83,3,4,0.071757972240448,15,5.0,1.0,0.019248001277446747,-29.75,4.5
83,4,5,0.06847991794347763,15,7.0,2.0,1.4956872463226318,-29.75,4.5
84,0,1,0.3088459372520447,93,0.0,1.0,157.95433044433594,38.25,-13.5
84,1,2,0.1632019281387329,47,0.0,8.0,9.468393325805664,-4.25,22.5
84,2,3,0.14467117190361023,26,1.0,1.0,0.4072837233543396,-21.25,13.5
84,3,4,0.07674258202314377,36,0.0,2.0,0.1252969652414322,-12.75,13.5
84,4,5,0.06602248549461365,27,1.0,1.0,0.12799379229545593,-21.25,22.5
85,0,1,0.3850724697113037,111,0.0,1.0,0.04107043892145157,-50.400001525878906,-13.5
85,1,2,0.27693843841552734,5,10.0,1.0,0.0663081631064415,-38.25,4.5
85,2,3,0.10383501648902893,2,15.0,1.0,0.09273026138544083,-38.25,-22.5
85,3,4,0.06317120045423508,1,16.0,1.0,0.17351756989955902,-38.25,-31.5
85,4,5,0.056235168129205704,5,17.0,1.0,0.1559525430202484,-38.25,4.5
86,0,1,0.8106562495231628,2,0.0,1.0,0.020777568221092224,-38.25,-22.5
86,1,2,0.07436303794384003,12,8.0,1.0,0.02062409184873104,-29.75,-22.5
86,2,3,0.04502766206860542,104,3.0,1.0,0.011790738441050053,-38.25,-53.75
86,3,4,0.011090121231973171,21,11.0,1.0,0.013825084082782269,-21.25,-31.5
86,4,5,0.008062554523348808,26,14.0,1.0,0.01667950302362442,-21.25,13.5
87,0,1,0.34363770484924316,4,8.0,1.0,0.045091912150382996,-38.25,-4.5
87,1,2,0.2815744876861572,14,9.0,1.0,0.43006324768066406,-29.75,-4.5
87,2,3,0.10485514998435974,14,13.0,1.0,1.314265251159668,-29.75,-4.5
87,3,4,0.03723125159740448,6,13.0,1.0,0.010851419530808926,-38.25,13.5
87,4,5,0.022556031122803688,17,12.0,1.0,0.12940123677253723,-29.75,22.5
88,0,1,0.5663715600967407,112,0.0,1.0,0.0390472374856472,-50.400001525878906,13.5
88,1,2,0.13166454434394836,104,13.0,1.0,0.11263155192136765,-38.25,-53.75
88,2,3,0.06074006110429764,12,16.0,1.0,0.018977941945195198,-29.75,-22.5
88,3,4,0.038323525339365005,23,16.0,1.0,0.003265764331445098,-21.25,-13.5
88,4,5,0.034214217215776443,23,17.0,2.0,0.04525170847773552,-21.25,-13.5
89,0,1,0.31329086422920227,11,41.0,1.0,1.811466932296753,-29.75,-31.5
89,1,2,0.21900685131549835,11,42.0,1.0,0.1597362756729126,-29.75,-31.5
89,2,3,0.1403035819530487,13,44.0,1.0,0.23289905488491058,-29.75,-13.5
89,3,4,0.10778944194316864,11,48.0,1.0,0.012218470685184002,-29.75,-31.5
89,4,5,0.03224623203277588,22,53.0,1.0,0.14528974890708923,-21.25,-22.5
90,0,1,0.6400195360183716,1,4.0,1.0,0.005973449908196926,-38.25,-31.5
90,1,2,0.30402395129203796,7,0.0,1.0,0.04975053295493126,-38.25,22.5
90,2,3,0.024983027949929237,25,16.0,2.0,0.08817622065544128,-21.25,4.5
90,3,4,0.007367064245045185,29,13.0,1.0,0.11964881420135498,-21.25,40.5
90,4,5,0.004653899930417538,29,17.0,1.0,0.023523665964603424,-21.25,40.5
91,0,1,0.4137565493583679,23,1.0,1.0,0.05982878431677818,-21.25,-13.5
91,1,2,0.09327616542577744,23,8.0,1.0,0.18496616184711456,-21.25,-13.5
91,2,3,0.07216548919677734,32,2.0,1.0,0.06948842108249664,-12.75,-22.5
91,3,4,0.06199987977743149,36,3.0,1.0,0.025494707748293877,-12.75,13.5
91,4,5,0.051206398755311966,14,13.0,1.0,0.0070557440631091595,-29.75,-4.5
92,0,1,0.9806289672851562,27,46.0,1.0,55.123748779296875,-21.25,22.5
92,1,2,0.010077342391014099,15,31.0,1.0,0.03737977147102356,-29.75,4.5
92,2,3,0.004009246360510588,11,39.0,1.0,0.019016359001398087,-29.75,-31.5
92,3,4,0.00277603417634964,11,42.0,1.0,0.0029572187922894955,-29.75,-31.5
92,4,5,0.0011189228389412165,11,51.0,1.0,0.0016887920210137963,-29.75,-31.5
93,0,1,0.39365437626838684,5,6.0,1.0,0.03115733154118061,-38.25,4.5
93,1,2,0.34536904096603394,6,3.0,1.0,0.02101423405110836,-38.25,13.5
93,2,3,0.1440020203590393,6,7.0,1.0,0.005284578073769808,-38.25,13.5
93,3,4,0.06068134307861328,6,11.0,1.0,0.03721008822321892,-38.25,13.5
93,4,5,0.03954874351620674,6,13.0,1.0,0.02318243868649006,-38.25,13.5
94,0,1,0.7536094188690186,5,12.0,1.0,10.684391975402832,-38.25,4.5
94,1,2,0.21883082389831543,111,2.0,1.0,0.01602712832391262,-50.400001525878906,-13.5
94,2,3,0.019913123920559883,13,26.0,1.0,9.00333309173584,-29.75,-13.5
94,3,4,0.004918983206152916,0,26.0,1.0,0.10804139822721481,-38.25,-40.5
94,4,5,0.0008890300523489714,55,75.0,1.0,56.34807586669922,4.25,4.5
95,0,1,0.41551536321640015,3,10.0,1.0,0.027899332344532013,-38.25,-13.5
95,1,2,0.33094263076782227,6,6.0,1.0,0.03987731784582138,-38.25,13.5
95,2,3,0.19443070888519287,2,12.0,1.0,0.11084360629320145,-38.25,-22.5
95,3,4,0.04443937912583351,100,13.0,1.0,0.02664298750460148,-38.25,53.75
95,4,5,0.007427871227264404,14,25.0,1.0,0.042535316199064255,-29.75,-4.5
96,0,1,0.30464616417884827,110,0.0,1.0,0.2912805676460266,-50.400001525878906,-40.5
96,1,2,0.2414480298757553,110,4.0,1.0,0.0634850412607193,-50.400001525878906,-40.5
96,2,3,0.18224038183689117,108,7.0,1.0,0.05205860361456871,-50.400001525878906,-53.75
96,3,4,0.15364138782024384,110,12.0,1.0,0.016779325902462006,-50.400001525878906,-40.5
96,4,5,0.11623821407556534,108,15.0,1.0,0.04249905049800873,-50.400001525878906,-53.75
97,0,1,0.6379095315933228,4,32.0,1.0,0.2743362486362457,-38.25,-4.5
97,1,2,0.17512677609920502,8,35.0,1.0,0.18897798657417297,-38.25,31.5
97,2,3,0.0838700458407402,100,78.0,1.0,0.0035239458084106445,-38.25,53.75
97,3,4,0.04440763220191002,9,45.0,1.0,0.015210403129458427,-38.25,40.5
97,4,5,0.023387689143419266,18,46.0,1.0,0.00395956402644515,-29.75,31.5
98,0,1,0.39901283383369446,13,2.0,2.0,0.2989312708377838,-29.75,-13.5
98,1,2,0.10381555557250977,13,6.0,1.0,0.06614705175161362,-29.75,-13.5
98,2,3,0.08649890869855881,3,7.0,1.0,0.009741466492414474,-38.25,-13.5
98,3,4,0.05750841274857521,13,8.0,1.0,0.07752621173858643,-29.75,-13.5
98,4,5,0.05275128409266472,24,6.0,1.0,0.22546720504760742,-21.25,-4.5
99,0,1,0.4918958246707916,13,29.0,1.0,42.7922477722168,-29.75,-13.5
99,1,2,0.2362966686487198,1,21.0,1.0,22.778804779052734,-38.25,-31.5
99,2,3,0.058843594044446945,3,17.0,1.0,0.43927016854286194,-38.25,-13.5
99,3,4,0.042436856776475906,5,17.0,1.0,0.026787757873535156,-38.25,4.5
99,4,5,0.03419196233153343,2,19.0,1.0,0.33961355686187744,-38.25,-22.5
100,0,1,0.770169198513031,12,3.0,1.0,45.50339126586914,-29.75,-22.5
100,1,2,0.16895246505737305,3,0.0,1.0,0.040768835693597794,-38.25,-13.5
100,2,3,0.021488580852746964,14,13.0,1.0,7.371793270111084,-29.75,-4.5
100,3,4,0.008589322678744793,6,9.0,1.0,0.01886114291846752,-38.25,13.5
100,4,5,0.0069120824337005615,15,12.0,1.0,0.06636366248130798,-29.75,4.5
101,0,1,0.20335349440574646,15,1.0,1.0,0.10185471177101135,-29.75,4.5
101,1,2,0.1329985409975052,5,2.0,1.0,0.03518817201256752,-38.25,4.5
101,2,3,0.10364319384098053,32,0.0,4.0,6.000414848327637,-12.75,-22.5
101,3,4,0.09966562688350677,11,1.0,1.0,0.2370600700378418,-29.75,-31.5
101,4,5,0.09069419652223587,13,6.0,1.0,0.09126277267932892,-29.75,-13.5
102,0,1,0.4828021824359894,111,1.0,1.0,0.024747559800744057,-50.400001525878906,-13.5
102,1,2,0.4159526824951172,108,0.0,1.0,0.4244838058948517,-50.400001525878906,-53.75
102,2,3,0.05133970454335213,21,36.0,1.0,32.39518356323242,-21.25,-31.5
102,3,4,0.03574733808636665,30,45.0,1.0,49.48942947387695,-12.75,-40.5
102,4,5,0.00529300095513463,105,41.0,4.0,1.000678539276123,-12.75,-53.75
103,0,1,0.5754106044769287,3,23.0,1.0,0.022936860099434853,-38.25,-13.5
103,1,2,0.14653438329696655,1,29.0,1.0,0.0024593097623437643,-38.25,-31.5
103,2,3,0.06087411195039749,9,26.0,1.0,0.032057542353868484,-38.25,40.5
103,3,4,0.04170025885105133,5,35.0,1.0,0.003249941859394312,-38.25,4.5
103,4,5,0.035607997328042984,9,30.0,1.0,0.014358784072101116,-38.25,40.5
104,0,1,0.09557153284549713,24,7.0,4.0,4.242002010345459,-21.25,-4.5
104,1,2,0.0826457217335701,14,5.0,1.0,0.07670211791992188,-29.75,-4.5
104,2,3,0.07221683114767075,42,13.0,1.0,42.464481353759766,-4.25,-22.5
104,3,4,0.05379926785826683,17,4.0,1.0,7.649961948394775,-29.75,22.5
104,4,5,0.0537710003554821,44,11.0,4.0,20.39679527282715,-4.25,-4.5
105,0,1,0.7979875802993774,109,0.0,1.0,0.07944589108228683,-50.400001525878906,53.75
105,1,2,0.058190468698740005,6,25.0,1.0,0.011771689169108868,-38.25,13.5
105,2,3,0.049203384667634964,9,19.0,1.0,0.01704319193959236,-38.25,40.5
105,3,4,0.04337252303957939,41,92.0,1.0,92.27169036865234,-4.25,-31.5
105,4,5,0.02844936214387417,9,24.0,1.0,0.05095336586236954,-38.25,40.5
106,0,1,0.5402469038963318,3,16.0,1.0,0.007903027348220348,-38.25,-13.5
106,1,2,0.22972887754440308,7,13.0,1.0,0.0468062087893486,-38.25,22.5
106,2,3,0.06265866011381149,7,20.0,1.0,0.02024666592478752,-38.25,22.5
106,3,4,0.05642082542181015,12,23.0,1.0,0.08163027465343475,-29.75,-22.5
106,4,5,0.05439908057451248,6,23.0,1.0,0.027815580368041992,-38.25,13.5
107,0,1,0.4703552722930908,113,20.0,1.0,0.022188149392604828,-50.400001525878906,40.5
107,1,2,0.20712094008922577,2,21.0,1.0,0.009948529303073883,-38.25,-22.5
107,2,3,0.1097392663359642,4,24.0,1.0,0.0348617359995842,-38.25,-4.5
107,3,4,0.04246754199266434,0,28.0,1.0,0.06946209818124771,-38.25,-40.5
107,4,5,0.04193541407585144,4,29.0,1.0,0.22645655274391174,-38.25,-4.5
108,0,1,0.7349528074264526,3,5.0,1.0,0.037634022533893585,-38.25,-13.5
108,1,2,0.052479811012744904,15,13.0,2.0,0.19657455384731293,-29.75,4.5
108,2,3,0.04388541355729103,104,11.0,1.0,0.041838232427835464,-38.25,-53.75
108,3,4,0.025176558643579483,17,10.0,1.0,0.21285328269004822,-29.75,22.5
108,4,5,0.02237529680132866,15,16.0,2.0,0.00502635445445776,-29.75,4.5
109,0,1,0.3133407235145569,45,0.0,39.0,20.104963302612305,-4.25,4.5
109,1,2,0.22124509513378143,44,0.0,22.0,22.8675479888916,-4.25,-4.5
109,2,3,0.09118795394897461,55,0.0,27.0,21.24082374572754,4.25,4.5
109,3,4,0.028448183089494705,15,1.0,2.0,1.448075771331787,-29.75,4.5
109,4,5,0.02245587855577469,13,2.0,1.0,0.07998631149530411,-29.75,-13.5
110,0,1,0.9928271174430847,24,8.0,1.0,11.583066940307617,-21.25,-4.5
110,1,2,0.005259620491415262,20,14.0,1.0,0.05404867231845856,-21.25,-40.5
110,2,3,0.0005287238745950162,31,32.0,1.0,6.2343244552612305,-12.75,-31.5
110,3,4,0.00031488158856518567,30,31.0,1.0,1.1458913087844849,-12.75,-40.5
110,4,5,0.00031279170070774853,31,31.0,1.0,1.182024598121643,-12.75,-31.5
111,0,1,0.283124178647995,14,0.0,2.0,0.34363171458244324,-29.75,-4.5
111,1,2,0.10914449393749237,3,3.0,1.0,0.06368357688188553,-38.25,-13.5
111,2,3,0.0821344330906868,24,2.0,1.0,0.2794450521469116,-21.25,-4.5
111,3,4,0.06481698900461197,2,4.0,1.0,0.029792487621307373,-38.25,-22.5
111,4,5,0.06372532993555069,24,3.0,1.0,0.10922633856534958,-21.25,-4.5
112,0,1,0.9292008280754089,22,0.0,1.0,0.04761430621147156,-21.25,-22.5
112,1,2,0.027790306136012077,15,18.0,1.0,0.003632742678746581,-29.75,4.5
112,2,3,0.019529014825820923,45,10.0,3.0,0.7721092700958252,-4.25,4.5
112,3,4,0.008151846937835217,43,13.0,1.0,0.18708059191703796,-4.25,-13.5
112,4,5,0.007917409762740135,45,13.0,1.0,0.17087312042713165,-4.25,4.5
113,0,1,0.447620689868927,111,4.0,1.0,0.020192643627524376,-50.400001525878906,-13.5
113,1,2,0.36604148149490356,112,5.0,1.0,0.0818105936050415,-50.400001525878906,13.5
113,2,3,0.14038453996181488,5,15.0,1.0,0.4544031620025635,-38.25,4.5
113,3,4,0.015483737923204899,14,24.0,1.0,0.12052025645971298,-29.75,-4.5
113,4,5,0.01234722975641489,14,25.0,1.0,0.009587078355252743,-29.75,-4.5
114,0,1,0.9823535680770874,13,0.0,1.0,18.002649307250977,-29.75,-13.5
114,1,2,0.005724320188164711,25,9.0,1.0,0.07798005640506744,-21.25,4.5
114,2,3,0.001460307277739048,105,10.0,1.0,0.572307825088501,-12.75,-53.75
114,3,4,0.0008625196060165763,105,19.0,1.0,0.0720338225364685,-12.75,-53.75
114,4,5,0.0008618423598818481,101,12.0,1.0,0.018748262897133827,-12.75,53.75
115,0,1,0.4043797254562378,112,0.0,1.0,21.759262084960938,-50.400001525878906,13.5
115,1,2,0.1028941348195076,16,16.0,5.0,9.01033878326416,-29.75,13.5
115,2,3,0.09521480649709702,16,15.0,5.0,7.30785608291626,-29.75,13.5
115,3,4,0.0849447250366211,112,3.0,1.0,0.05985329672694206,-50.400001525878906,13.5
115,4,5,0.0625559464097023,112,9.0,1.0,0.024926263839006424,-50.400001525878906,13.5
116,0,1,0.30745840072631836,111,0.0,1.0,0.014061524532735348,-50.400001525878906,-13.5
116,1,2,0.274871289730072,111,2.0,1.0,0.04385533556342125,-50.400001525878906,-13.5
116,2,3,0.1411261409521103,112,11.0,1.0,0.01847398839890957,-50.400001525878906,13.5
116,3,4,0.054154228419065475,4,17.0,1.0,0.010511374101042747,-38.25,-4.5
116,4,5,0.028659619390964508,5,19.0,1.0,0.13737717270851135,-38.25,4.5
117,0,1,0.9489696621894836,16,28.0,1.0,5.447257995605469,-29.75,13.5
117,1,2,0.020393984392285347,101,61.0,1.0,0.359251469373703,-12.75,53.75
117,2,3,0.017963334918022156,101,63.0,2.0,0.09847405552864075,-12.75,53.75
117,3,4,0.00795892346650362,6,57.0,1.0,0.013638396747410297,-38.25,13.5
117,4,5,0.0017418243223801255,18,65.0,1.0,0.003072904422879219,-29.75,31.5
118,0,1,0.3949294090270996,14,24.0,1.0,0.17444396018981934,-29.75,-4.5
118,1,2,0.29618188738822937,7,23.0,1.0,0.010054676793515682,-38.25,22.5
118,2,3,0.25154680013656616,14,26.0,1.0,0.20877130329608917,-29.75,-4.5
118,3,4,0.029530588537454605,14,37.0,1.0,0.024402739480137825,-29.75,-4.5
118,4,5,0.01978716067969799,12,41.0,1.0,0.04709840193390846,-29.75,-22.5
119,0,1,0.22762398421764374,3,7.0,1.0,0.2552717328071594,-38.25,-13.5
119,1,2,0.15582723915576935,4,8.0,1.0,0.09765143692493439,-38.25,-4.5
119,2,3,0.09410001337528229,4,10.0,1.0,0.2344026267528534,-38.25,-4.5
119,3,4,0.0823880285024643,4,11.0,2.0,0.40432074666023254,-38.25,-4.5
119,4,5,0.07363337278366089,3,11.0,1.0,0.07156152278184891,-38.25,-13.5
120,0,1,0.26070234179496765,112,0.0,1.0,0.01465025544166565,-50.400001525878906,13.5
120,1,2,0.2315603643655777,112,2.0,1.0,0.029173705726861954,-50.400001525878906,13.5
120,2,3,0.1826193630695343,1,10.0,1.0,0.18058595061302185,-38.25,-31.5
120,3,4,0.11728572100400925,111,15.0,1.0,0.002315981313586235,-50.400001525878906,-13.5
120,4,5,0.09095435589551926,110,17.0,1.0,0.029760828241705894,-50.400001525878906,-40.5
121,0,1,0.3873823285102844,44,32.0,1.0,112.62627410888672,-4.25,-4.5
121,1,2,0.36208194494247437,34,30.0,2.0,73.64945983886719,-12.75,-4.5
121,2,3,0.08517047762870789,4,9.0,1.0,0.2085091918706894,-38.25,-4.5
121,3,4,0.0798254907131195,111,0.0,1.0,0.10708893835544586,-50.400001525878906,-13.5
121,4,5,0.028766753152012825,34,29.0,2.0,29.310466766357422,-12.75,-4.5
122,0,1,0.1264541745185852,3,2.0,1.0,0.04983535781502724,-38.25,-13.5
122,1,2,0.12022729963064194,5,0.0,2.0,0.00959260668605566,-38.25,4.5
122,2,3,0.08539343625307083,14,4.0,1.0,0.03864789009094238,-29.75,-4.5
122,3,4,0.08035661280155182,23,1.0,1.0,0.2584177553653717,-21.25,-13.5
122,4,5,0.07449705898761749,23,2.0,2.0,0.4437674582004547,-21.25,-13.5
123,0,1,0.17885757982730865,25,0.0,1.0,0.17624889314174652,-21.25,4.5
123,1,2,0.1343774050474167,16,0.0,1.0,0.0963645949959755,-29.75,13.5
123,2,3,0.1297151744365692,3,5.0,1.0,0.06562887132167816,-38.25,-13.5
123,3,4,0.10286605358123779,35,0.0,4.0,1.4531761407852173,-12.75,4.5
123,4,5,0.0680520161986351,11,3.0,1.0,0.009234308265149593,-29.75,-31.5
124,0,1,0.37027376890182495,3,8.0,1.0,0.04185870289802551,-38.25,-13.5
124,1,2,0.24446743726730347,111,3.0,1.0,0.18922843039035797,-50.400001525878906,-13.5
124,2,3,0.09038929641246796,110,16.0,1.0,0.010500728152692318,-50.400001525878906,-40.5
124,3,4,0.07065548747777939,16,10.0,1.0,0.016730451956391335,-29.75,13.5
124,4,5,0.02734367735683918,16,14.0,1.0,0.01787015236914158,-29.75,13.5
125,0,1,0.37261301279067993,110,0.0,1.0,0.0869828462600708,-50.400001525878906,-40.5
125,1,2,0.21440580487251282,108,8.0,1.0,0.016619153320789337,-50.400001525878906,-53.75
125,2,3,0.08060384541749954,104,16.0,1.0,0.03586021438241005,-38.25,-53.75
125,3,4,0.07602676004171371,104,17.0,1.0,0.03151071444153786,-38.25,-53.75
125,4,5,0.06639151275157928,104,20.0,1.0,0.6608040928840637,-38.25,-53.75
126,0,1,0.7806604504585266,110,57.0,1.0,0.003275002120062709,-50.400001525878906,-40.5
126,1,2,0.13352349400520325,8,31.0,1.0,0.0731106773018837,-38.25,31.5
126,2,3,0.02559102140367031,13,45.0,1.0,0.164973646402359,-29.75,-13.5
126,3,4,0.021564316004514694,11,49.0,2.0,0.012510829605162144,-29.75,-31.5
126,4,5,0.011698058806359768,13,52.0,1.0,0.026405081152915955,-29.75,-13.5
127,0,1,0.37433892488479614,13,4.0,1.0,0.03296783193945885,-29.75,-13.5
127,1,2,0.14948293566703796,3,8.0,1.0,0.004345023538917303,-38.25,-13.5
127,2,3,0.14440758526325226,112,0.0,1.0,0.14207760989665985,-50.400001525878906,13.5
127,3,4,0.11947309970855713,2,8.0,1.0,0.055148787796497345,-38.25,-22.5
127,4,5,0.061138078570365906,109,6.0,1.0,0.17322120070457458,-50.400001525878906,53.75
128,0,1,0.30680254101753235,4,1.0,1.0,0.15711089968681335,-38.25,-4.5
128,1,2,0.1680014431476593,5,2.0,2.0,0.7017180919647217,-38.25,4.5
128,2,3,0.14728839695453644,14,5.0,3.0,0.14001871645450592,-29.75,-4.5
128,3,4,0.1040882095694542,6,0.0,2.0,0.16659165918827057,-38.25,13.5
128,4,5,0.10343779623508453,15,4.0,1.0,0.1607382595539093,-29.75,4.5
129,0,1,0.5905851125717163,4,6.0,1.0,0.06403879076242447,-38.25,-4.5
129,1,2,0.2018985152244568,111,0.0,1.0,0.14282366633415222,-50.400001525878906,-13.5
129,2,3,0.10845351964235306,4,12.0,1.0,0.12272007018327713,-38.25,-4.5
129,3,4,0.014667226932942867,5,19.0,1.0,0.051409196108579636,-38.25,4.5
129,4,5,0.0141120171174407,12,18.0,1.0,0.16019052267074585,-29.75,-22.5
130,0,1,0.7105804085731506,112,6.0,1.0,0.00228592730127275,-50.400001525878906,13.5
130,1,2,0.2680281698703766,0,12.0,1.0,0.3749839961528778,-38.25,-40.5
130,2,3,0.0031283076386898756,13,35.0,1.0,0.03572870418429375,-29.75,-13.5
130,3,4,0.0028580434154719114,6,37.0,1.0,0.008935551159083843,-38.25,13.5
130,4,5,0.0024735520128160715,24,32.0,1.0,0.08275957405567169,-21.25,-4.5
131,0,1,0.40470436215400696,109,0.0,1.0,15.979499816894531,-50.400001525878906,53.75
131,1,2,0.17395669221878052,4,13.0,2.0,0.7311685681343079,-38.25,-4.5
131,2,3,0.10369512438774109,113,8.0,1.0,0.0069547961466014385,-50.400001525878906,40.5
131,3,4,0.09673114866018295,109,5.0,1.0,0.03438868373632431,-50.400001525878906,53.75
131,4,5,0.0321119986474514,6,17.0,1.0,0.11237061768770218,-38.25,13.5
132,0,1,0.07194693386554718,13,2.0,1.0,0.05429498106241226,-29.75,-13.5
132,1,2,0.06307017058134079,12,1.0,1.0,0.7727954387664795,-29.75,-22.5
132,2,3,0.05527620017528534,23,1.0,3.0,0.29017579555511475,-21.25,-13.5
132,3,4,0.05290565267205238,25,0.0,1.0,0.49762192368507385,-21.25,4.5
132,4,5,0.042704757302999496,24,2.0,1.0,0.126659095287323,-21.25,-4.5
133,0,1,0.5354133248329163,112,8.0,1.0,0.07209945470094681,-50.400001525878906,13.5
133,1,2,0.42311105132102966,112,12.0,1.0,0.02389500103890896,-50.400001525878906,13.5
133,2,3,0.019847214221954346,7,25.0,1.0,0.04434460401535034,-38.25,22.5
133,3,4,0.008866292424499989,6,32.0,1.0,0.10080613195896149,-38.25,13.5
133,4,5,0.00658737076446414,8,31.0,1.0,0.0009913808899000287,-38.25,31.5
134,0,1,0.7353986501693726,112,6.0,1.0,0.05863253399729729,-50.400001525878906,13.5
134,1,2,0.06539064645767212,104,34.0,1.0,0.030257955193519592,-38.25,-53.75
134,2,3,0.05163845047354698,10,19.0,2.0,0.4042249619960785,-29.75,-40.5
134,3,4,0.036274395883083344,9,15.0,1.0,0.044512514024972916,-38.25,40.5
134,4,5,0.026791740208864212,2,27.0,1.0,0.04682544246315956,-38.25,-22.5
135,0,1,0.586750864982605,17,0.0,2.0,0.15934637188911438,-29.75,22.5
135,1,2,0.4106824994087219,17,1.0,1.0,0.013399647548794746,-29.75,22.5
135,2,3,0.0006328760064207017,34,34.0,1.0,0.1712285876274109,-12.75,-4.5
135,3,4,0.00036203055060468614,48,35.0,1.0,0.05327553674578667,-4.25,31.5
135,4,5,0.000359448604285717,35,39.0,1.0,0.008432880975306034,-12.75,4.5
136,0,1,0.49906134605407715,13,2.0,1.0,29.425086975097656,-29.75,-13.5
136,1,2,0.17491158843040466,11,0.0,1.0,23.469852447509766,-29.75,-31.5
136,2,3,0.08915006369352341,21,5.0,1.0,33.63917922973633,-21.25,-31.5
136,3,4,0.062432773411273956,14,2.0,1.0,0.2592243552207947,-29.75,-4.5
136,4,5,0.05070953443646431,22,6.0,1.0,14.350138664245605,-21.25,-22.5
137,0,1,0.5942875146865845,112,0.0,1.0,0.06260233372449875,-50.400001525878906,13.5
137,1,2,0.21457713842391968,109,5.0,1.0,0.017838124185800552,-50.400001525878906,53.75
137,2,3,0.10844980180263519,2,17.0,1.0,0.005971814505755901,-38.25,-22.5
137,3,4,0.05806323513388634,4,20.0,1.0,0.0907917246222496,-38.25,-4.5
137,4,5,0.012767238542437553,7,23.0,1.0,0.014058315195143223,-38.25,22.5
138,0,1,0.08174311369657516,13,4.0,1.0,0.09378883987665176,-29.75,-13.5
138,1,2,0.04558888077735901,4,6.0,1.0,0.01034077350050211,-38.25,-4.5
138,2,3,0.03743002936244011,14,7.0,1.0,0.021096110343933105,-29.75,-4.5
138,3,4,0.034756019711494446,13,7.0,1.0,0.016421152278780937,-29.75,-13.5
138,4,5,0.03409430384635925,15,6.0,1.0,0.03672013804316521,-29.75,4.5
139,0,1,0.8168726563453674,5,0.0,1.0,0.008819153532385826,-38.25,4.5
139,1,2,0.1361939013004303,10,2.0,1.0,0.00655268132686615,-29.75,-40.5
139,2,3,0.012720785103738308,10,15.0,1.0,0.003293552901595831,-29.75,-40.5
139,3,4,0.01137632504105568,20,12.0,1.0,0.04980453848838806,-21.25,-40.5
139,4,5,0.006947657093405724,111,54.0,1.0,0.0020163781009614468,-50.400001525878906,-13.5
140,0,1,0.18029168248176575,29,0.0,1.0,0.1947844922542572,-21.25,40.5
140,1,2,0.12220863252878189,38,4.0,1.0,0.01698707789182663,-12.75,31.5
140,2,3,0.11514972150325775,39,0.0,1.0,0.14077553153038025,-12.75,40.5
140,3,4,0.10619234293699265,47,3.0,1.0,0.1262046992778778,-4.25,22.5
140,4,5,0.10023058205842972,48,1.0,1.0,0.8495534658432007,-4.25,31.5
141,0,1,0.7046979069709778,112,0.0,1.0,0.04332917928695679,-50.400001525878906,13.5
141,1,2,0.07027129828929901,8,14.0,1.0,0.06347612291574478,-38.25,31.5
141,2,3,0.06598071753978729,100,23.0,1.0,0.1907193660736084,-38.25,53.75
141,3,4,0.041459955275058746,9,15.0,1.0,0.04359997436404228,-38.25,40.5
141,4,5,0.03742813318967819,9,16.0,1.0,0.08676750957965851,-38.25,40.5
142,0,1,0.18735000491142273,14,3.0,1.0,0.1293153613805771,-29.75,-4.5
142,1,2,0.11110351234674454,4,5.0,1.0,0.07166638225317001,-38.25,-4.5
142,2,3,0.07722070068120956,6,2.0,1.0,0.031008314341306686,-38.25,13.5
142,3,4,0.05535455048084259,112,0.0,2.0,0.5192256569862366,-50.400001525878906,13.5
142,4,5,0.05362543836236,25,5.0,1.0,0.08541131019592285,-21.25,4.5
143,0,1,0.3622782826423645,3,6.0,1.0,0.026574214920401573,-38.25,-13.5
143,1,2,0.20561543107032776,3,8.0,1.0,0.07764071226119995,-38.25,-13.5
143,2,3,0.15656878054141998,1,6.0,1.0,0.006659985985606909,-38.25,-31.5
143,3,4,0.1203174740076065,111,1.0,1.0,0.01144438236951828,-50.400001525878906,-13.5
143,4,5,0.05564359948039055,14,12.0,1.0,0.07768849283456802,-29.75,-4.5
144,0,1,0.1635456532239914,3,4.0,1.0,0.6859463453292847,-38.25,-13.5
144,1,2,0.1567416787147522,4,4.0,1.0,0.6895954012870789,-38.25,-4.5
144,2,3,0.09441007673740387,2,5.0,2.0,0.3337973654270172,-38.25,-22.5
144,3,4,0.08982229232788086,31,13.0,1.0,39.844512939453125,-12.75,-31.5
144,4,5,0.07473398745059967,5,5.0,1.0,0.013955201953649521,-38.25,4.5
145,0,1,0.2501024007797241,112,0.0,1.0,0.3321895897388458,-50.400001525878906,13.5
145,1,2,0.14152562618255615,3,12.0,1.0,0.026671208441257477,-38.25,-13.5
145,2,3,0.12508593499660492,110,11.0,1.0,0.027274657040834427,-50.400001525878906,-40.5
145,3,4,0.10546321421861649,6,9.0,1.0,0.12024842202663422,-38.25,13.5
145,4,5,0.06100403144955635,104,11.0,1.0,0.08784352242946625,-38.25,-53.75
146,0,1,0.4486171305179596,16,3.0,1.0,0.06937199831008911,-29.75,13.5
146,1,2,0.2369009405374527,62,33.0,1.0,91.93977355957031,12.75,-22.5
146,2,3,0.19522905349731445,57,22.0,1.0,38.88622283935547,4.25,22.5
146,3,4,0.051694177091121674,17,9.0,1.0,0.004390254616737366,-29.75,22.5
146,4,5,0.028399724513292313,37,6.0,1.0,0.08039232343435287,-12.75,22.5
147,0,1,0.39005666971206665,14,15.0,1.0,0.1073429062962532,-29.75,-4.5
147,1,2,0.20777738094329834,7,12.0,1.0,0.04568292200565338,-38.25,22.5
147,2,3,0.07490206509828568,8,14.0,1.0,0.12025976926088333,-38.25,31.5
147,3,4,0.06542687863111496,3,23.0,1.0,0.0017484547570347786,-38.25,-13.5
147,4,5,0.06130753830075264,12,21.0,1.0,0.034839142113924026,-29.75,-22.5
148,0,1,0.5667435526847839,112,0.0,1.0,0.08953860402107239,-50.400001525878906,13.5
148,1,2,0.3825411796569824,112,7.0,1.0,0.010189970955252647,-50.400001525878906,13.5
148,2,3,0.014020646922290325,2,29.0,1.0,0.014956251718103886,-38.25,-22.5
148,3,4,0.009224295616149902,6,29.0,1.0,0.02250627614557743,-38.25,13.5
148,4,5,0.007226625923067331,3,33.0,1.0,0.008337273262441158,-38.25,-13.5
149,0,1,0.41739264130592346,100,22.0,1.0,0.036404870450496674,-38.25,53.75
149,1,2,0.3481064438819885,6,20.0,1.0,0.11400645971298218,-38.25,13.5
149,2,3,0.15843376517295837,12,24.0,1.0,0.2863824665546417,-29.75,-22.5
149,3,4,0.04000207409262657,111,78.0,1.0,0.0016455657314509153,-50.400001525878906,-13.5
149,4,5,0.03478516265749931,16,29.0,1.0,0.013959265314042568,-29.75,13.5
150,0,1,0.38046538829803467,2,21.0,1.0,0.02542039379477501,-38.25,-22.5
150,1,2,0.2674603760242462,14,21.0,1.0,0.02655118890106678,-29.75,-4.5
150,2,3,0.14208585023880005,9,15.0,1.0,0.08636417984962463,-38.25,40.5
150,3,4,0.08594075590372086,10,24.0,1.0,0.01828124187886715,-29.75,-40.5
150,4,5,0.049848590046167374,11,28.0,1.0,0.011726975440979004,-29.75,-31.5
151,0,1,0.9924542903900146,2,0.0,1.0,0.15147827565670013,-38.25,-22.5
151,1,2,0.005114281550049782,14,21.0,1.0,0.09006177634000778,-29.75,-4.5
151,2,3,0.0008940898696891963,25,31.0,1.0,0.05857071653008461,-21.25,4.5
151,3,4,0.00020764012879226357,34,47.0,1.0,0.01306559145450592,-12.75,-4.5
151,4,5,0.00015718558279331774,33,54.0,1.0,0.10145102441310883,-12.75,-13.5
152,0,1,0.2608233094215393,2,3.0,1.0,0.03349382430315018,-38.25,-22.5
152,1,2,0.14935654401779175,2,5.0,1.0,0.014001963660120964,-38.25,-22.5
152,2,3,0.08703257143497467,5,6.0,1.0,0.009337115101516247,-38.25,4.5
152,3,4,0.07568598538637161,15,7.0,1.0,0.13996389508247375,-29.75,4.5
152,4,5,0.06625568121671677,2,8.0,1.0,0.001415652921423316,-38.25,-22.5
153,0,1,0.2138371467590332,4,25.0,1.0,0.006224590819329023,-38.25,-4.5
153,1,2,0.17546503245830536,4,26.0,1.0,0.04668223857879639,-38.25,-4.5
153,2,3,0.13656017184257507,104,47.0,1.0,0.002757386304438114,-38.25,-53.75
153,3,4,0.12036706507205963,4,28.0,1.0,0.15211065113544464,-38.25,-4.5
153,4,5,0.09862694144248962,100,41.0,1.0,0.04996807128190994,-38.25,53.75
154,0,1,0.8180418610572815,113,14.0,1.0,0.016902228817343712,-50.400001525878906,40.5
154,1,2,0.1367063969373703,8,15.0,1.0,0.05191843956708908,-38.25,31.5
154,2,3,0.03161826357245445,0,30.0,1.0,0.03386860340833664,-38.25,-40.5
154,3,4,0.004284473601728678,5,43.0,1.0,0.00224427692592144,-38.25,4.5
154,4,5,0.0024984346237033606,26,37.0,1.0,0.02482926845550537,-21.25,13.5
155,0,1,0.7451225519180298,108,2.0,1.0,0.07159845530986786,-50.400001525878906,-53.75
155,1,2,0.15627048909664154,108,27.0,1.0,0.003957272041589022,-50.400001525878906,-53.75
155,2,3,0.056476838886737823,21,23.0,1.0,10.809575080871582,-21.25,-31.5
155,3,4,0.03476547449827194,0,21.0,1.0,0.007334599271416664,-38.25,-40.5
155,4,5,0.0017798837507143617,40,37.0,1.0,8.828608512878418,-4.25,-40.5
156,0,1,0.35927000641822815,112,70.0,1.0,0.0006988084642216563,-50.400001525878906,13.5
156,1,2,0.23335759341716766,9,26.0,1.0,0.041495416313409805,-38.25,40.5
156,2,3,0.1766684204339981,7,32.0,1.0,0.009315265342593193,-38.25,22.5
156,3,4,0.05240044370293617,6,42.0,1.0,0.02084721252322197,-38.25,13.5
156,4,5,0.0508519783616066,3,45.0,1.0,0.0015135296853259206,-38.25,-13.5
157,0,1,0.3136957585811615,8,19.0,1.0,0.004921751096844673,-38.25,31.5
157,1,2,0.2626992166042328,12,25.0,1.0,0.12592549622058868,-29.75,-22.5
157,2,3,0.2108042687177658,12,26.0,1.0,0.019119959324598312,-29.75,-22.5
157,3,4,0.16011427342891693,1,30.0,1.0,0.008628040552139282,-38.25,-31.5
157,4,5,0.014956789091229439,13,42.0,1.0,0.023950302973389626,-29.75,-13.5
158,0,1,0.20850175619125366,4,7.0,1.0,0.013212128542363644,-38.25,-4.5
158,1,2,0.13516326248645782,5,7.0,1.0,0.05183303728699684,-38.25,4.5
158,2,3,0.1312740594148636,3,9.0,1.0,0.15133985877037048,-38.25,-13.5
158,3,4,0.09200748801231384,4,10.0,1.0,0.0474313348531723,-38.25,-4.5
158,4,5,0.06908635795116425,112,10.0,1.0,0.003038091352209449,-50.400001525878906,13.5
159,0,1,0.27490293979644775,15,2.0,1.0,0.17888502776622772,-29.75,4.5
159,1,2,0.08729109168052673,7,1.0,1.0,0.07229667156934738,-38.25,22.5
159,2,3,0.08714071661233902,17,2.0,2.0,0.2469462752342224,-29.75,22.5
159,3,4,0.08043141663074493,3,9.0,1.0,0.014228968881070614,-38.25,-13.5
159,4,5,0.057066015899181366,5,10.0,1.0,0.0032803507056087255,-38.25,4.5
160,0,1,0.5343174338340759,112,3.0,1.0,0.24416562914848328,-50.400001525878906,13.5
160,1,2,0.23363319039344788,113,13.0,1.0,1.0205268859863281,-50.400001525878906,40.5
160,2,3,0.11939668655395508,113,24.0,1.0,0.005590221844613552,-50.400001525878906,40.5
160,3,4,0.07012011855840683,108,37.0,1.0,0.5569620728492737,-50.400001525878906,-53.75
160,4,5,0.020466051995754242,104,47.0,1.0,0.006498508621007204,-38.25,-53.75
161,0,1,0.2844007611274719,0,0.0,1.0,0.41268423199653625,-38.25,-40.5
161,1,2,0.24813072383403778,57,40.0,1.0,92.3232421875,4.25,22.5
161,2,3,0.09790870547294617,18,5.0,1.0,8.274466514587402,-29.75,31.5
161,3,4,0.09493183344602585,13,11.0,1.0,1.7560210227966309,-29.75,-13.5
161,4,5,0.07756692916154861,14,13.0,1.0,2.8858776092529297,-29.75,-4.5
162,0,1,0.5805961489677429,111,7.0,1.0,0.016390912234783173,-50.400001525878906,-13.5
162,1,2,0.40120595693588257,111,13.0,1.0,0.003704067785292864,-50.400001525878906,-13.5
162,2,3,0.014239597134292126,2,29.0,1.0,0.015182100236415863,-38.25,-22.5
162,3,4,0.003293705638498068,12,35.0,1.0,0.17944814264774323,-29.75,-22.5
162,4,5,8.291889389511198e-05,30,67.0,1.0,0.02628859132528305,-12.75,-40.5
163,0,1,0.31207624077796936,24,2.0,1.0,38.11111068725586,-21.25,-4.5
163,1,2,0.11382149159908295,3,0.0,1.0,9.458309173583984,-38.25,-13.5
163,2,3,0.06604349613189697,35,3.0,1.0,16.304378509521484,-12.75,4.5
163,3,4,0.048488009721040726,64,5.0,1.0,104.51148986816406,12.75,-4.5
163,4,5,0.0452791303396225,4,0.0,1.0,0.2933894693851471,-38.25,-4.5
164,0,1,0.28712764382362366,5,9.0,1.0,0.020706921815872192,-38.25,4.5
164,1,2,0.23415252566337585,5,10.0,1.0,0.1965501457452774,-38.25,4.5
164,2,3,0.1786954551935196,5,11.0,1.0,0.004889897536486387,-38.25,4.5
164,3,4,0.1028188094496727,6,12.0,1.0,0.9639582633972168,-38.25,13.5
164,4,5,0.04413510113954544,13,17.0,1.0,0.07770650088787079,-29.75,-13.5
165,0,1,0.5753496885299683,3,5.0,2.0,0.24509869515895844,-38.25,-13.5
165,1,2,0.061649832874536514,14,12.0,1.0,0.12418155372142792,-29.75,-4.5
165,2,3,0.059465441852808,0,8.0,1.0,0.14855189621448517,-38.25,-40.5
165,3,4,0.058456797152757645,16,9.0,1.0,0.45118749141693115,-29.75,13.5
165,4,5,0.03827955573797226,5,13.0,1.0,0.03999632969498634,-38.25,4.5
166,0,1,0.3198920786380768,1,14.0,1.0,0.0362749807536602,-38.25,-31.5
166,1,2,0.1793755143880844,14,17.0,1.0,0.2242986410856247,-29.75,-4.5
166,2,3,0.13547644019126892,14,18.0,1.0,0.15764731168746948,-29.75,-4.5
166,3,4,0.1059175506234169,14,19.0,1.0,0.2182479202747345,-29.75,-4.5
166,4,5,0.09130673110485077,6,18.0,1.0,0.02958565764129162,-38.25,13.5
167,0,1,0.2269810140132904,111,26.0,1.0,0.013367199338972569,-50.400001525878906,-13.5
167,1,2,0.1354285478591919,8,9.0,1.0,0.16374653577804565,-38.25,31.5
167,2,3,0.08124135434627533,14,19.0,1.0,0.1585477590560913,-29.75,-4.5
167,3,4,0.07839365303516388,1,19.0,1.0,0.04341139271855354,-38.25,-31.5
167,4,5,0.07390044629573822,16,21.0,3.0,3.121908187866211,-29.75,13.5
168,0,1,0.6240103244781494,113,7.0,1.0,0.056256044656038284,-50.400001525878906,40.5
168,1,2,0.09244349598884583,6,20.0,1.0,0.03123430348932743,-38.25,13.5
168,2,3,0.0752127468585968,6,21.0,1.0,0.011638117954134941,-38.25,13.5
168,3,4,0.05936124920845032,7,20.0,1.0,0.08605930209159851,-38.25,22.5
168,4,5,0.051845647394657135,6,23.0,1.0,0.1356610506772995,-38.25,13.5
169,0,1,0.23070232570171356,4,0.0,2.0,1.663731575012207,-38.25,-4.5
169,1,2,0.20021244883537292,76,0.0,1.0,90.87787628173828,21.25,13.5
169,2,3,0.14114885032176971,4,1.0,1.0,0.047891877591609955,-38.25,-4.5
169,3,4,0.0500168539583683,3,6.0,1.0,0.054127588868141174,-38.25,-13.5
169,4,5,0.04497023671865463,24,5.0,1.0,0.03952546417713165,-21.25,-4.5
170,0,1,0.5134309530258179,109,0.0,1.0,0.039150673896074295,-50.400001525878906,53.75
170,1,2,0.29869091510772705,14,13.0,1.0,0.09684106707572937,-29.75,-4.5
170,2,3,0.08024720847606659,18,8.0,1.0,0.08870944380760193,-29.75,31.5
170,3,4,0.03209054097533226,34,15.0,1.0,0.12043020874261856,-12.75,-4.5
170,4,5,0.028381017968058586,54,24.0,12.0,12.476652145385742,4.25,-4.5
171,0,1,0.8779920935630798,3,7.0,1.0,7.466311931610107,-38.25,-13.5
171,1,2,0.07551918178796768,1,9.0,1.0,0.005220749881118536,-38.25,-31.5
171,2,3,0.017331091687083244,2,17.0,1.0,0.0034337781835347414,-38.25,-22.5
171,3,4,0.006221335846930742,6,20.0,1.0,0.02719222381711006,-38.25,13.5
171,4,5,0.004712891299277544,17,18.0,1.0,0.009851552546024323,-29.75,22.5
172,0,1,0.8587743639945984,33,47.0,1.0,146.68649291992188,-12.75,-13.5
172,1,2,0.06133691966533661,0,11.0,1.0,0.011721761897206306,-38.25,-40.5
172,2,3,0.023907043039798737,5,18.0,1.0,0.010420872829854488,-38.25,4.5
172,3,4,0.017029795795679092,9,8.0,1.0,0.30262744426727295,-38.25,40.5
172,4,5,0.008735609240829945,15,22.0,2.0,0.020423902198672295,-29.75,4.5
173,0,1,0.3823734223842621,112,0.0,1.0,0.07768691331148148,-50.400001525878906,13.5
173,1,2,0.1356075406074524,1,12.0,1.0,0.03164602071046829,-38.25,-31.5
173,2,3,0.10364867001771927,4,15.0,1.0,0.13984225690364838,-38.25,-4.5
173,3,4,0.08372515439987183,1,14.0,1.0,0.005361062008887529,-38.25,-31.5
173,4,5,0.06358769536018372,104,17.0,1.0,0.2125011831521988,-38.25,-53.75
174,0,1,0.5284019708633423,113,0.0,1.0,1.0128483772277832,-50.400001525878906,40.5
174,1,2,0.41862523555755615,113,3.0,1.0,0.174388125538826,-50.400001525878906,40.5
174,2,3,0.01694636605679989,14,25.0,1.0,0.3641364276409149,-29.75,-4.5
174,3,4,0.01044061966240406,9,21.0,1.0,0.039210692048072815,-38.25,40.5
174,4,5,0.005132051184773445,13,31.0,1.0,0.03443606570363045,-29.75,-13.5
175,0,1,0.3456703722476959,2,7.0,1.0,0.11824218928813934,-38.25,-22.5
175,1,2,0.20948737859725952,111,0.0,1.0,0.19981767237186432,-50.400001525878906,-13.5
175,2,3,0.1939222663640976,111,1.0,1.0,0.0019225742435082793,-50.400001525878906,-13.5
175,3,4,0.061722446233034134,12,12.0,1.0,0.2780478894710541,-29.75,-22.5
175,4,5,0.05554890260100365,113,12.0,1.0,0.025788191705942154,-50.400001525878906,40.5
176,0,1,0.9185153245925903,109,0.0,2.0,0.03880591318011284,-50.400001525878906,53.75
176,1,2,0.0394921712577343,14,23.0,1.0,0.005634927190840244,-29.75,-4.5
176,2,3,0.013106103055179119,14,28.0,1.0,0.0012115328572690487,-29.75,-4.5
176,3,4,0.005934412591159344,106,29.0,1.0,0.03220297768712044,12.75,-53.75
176,4,5,0.005772054195404053,46,20.0,1.0,0.10237203538417816,-4.25,13.5
177,0,1,0.20834259688854218,25,4.0,1.0,0.05319887399673462,-21.25,4.5
177,1,2,0.17704130709171295,23,5.0,1.0,0.029764266684651375,-21.25,-13.5
177,2,3,0.11279758810997009,26,4.0,1.0,0.012682764790952206,-21.25,13.5
177,3,4,0.08885502070188522,34,4.0,1.0,0.6502840518951416,-12.75,-4.5
177,4,5,0.06514569371938705,34,5.0,1.0,0.07190253585577011,-12.75,-4.5
178,0,1,0.20324058830738068,110,10.0,1.0,0.013803557492792606,-50.400001525878906,-40.5
178,1,2,0.19160445034503937,24,8.0,1.0,0.049358002841472626,-21.25,-4.5
178,2,3,0.13206395506858826,34,5.0,1.0,0.004635464865714312,-12.75,-4.5
178,3,4,0.09222333878278732,34,7.0,1.0,0.06023803725838661,-12.75,-4.5
178,4,5,0.04704868420958519,20,9.0,1.0,1.3764311075210571,-21.25,-40.5
179,0,1,0.7705629467964172,111,0.0,1.0,0.01446606870740652,-50.400001525878906,-13.5
179,1,2,0.22787493467330933,2,15.0,1.0,0.01947961002588272,-38.25,-22.5
179,2,3,0.0009357815724797547,105,75.0,1.0,0.0565812885761261,-12.75,-53.75
179,3,4,0.00011627929779933766,30,63.0,1.0,0.06801483780145645,-12.75,-40.5
179,4,5,5.190040246816352e-05,19,81.0,1.0,0.012823601253330708,-29.75,40.5
180,0,1,0.493479460477829,26,13.0,1.0,0.024936184287071228,-21.25,13.5
180,1,2,0.21678271889686584,25,18.0,1.0,0.004653580021113157,-21.25,4.5
180,2,3,0.12899340689182281,16,21.0,1.0,0.010031264275312424,-29.75,13.5
180,3,4,0.0520104356110096,30,19.0,1.0,0.034786611795425415,-12.75,-40.5
180,4,5,0.03560471162199974,1,32.0,1.0,0.003355578053742647,-38.25,-31.5
181,0,1,0.37167322635650635,113,2.0,1.0,0.050336241722106934,-50.400001525878906,40.5
181,1,2,0.2956058382987976,6,10.0,1.0,0.022009046748280525,-38.25,13.5
181,2,3,0.1656731367111206,4,16.0,1.0,0.06409042328596115,-38.25,-4.5
181,3,4,0.0654001235961914,9,6.0,1.0,0.11310304701328278,-38.25,40.5
181,4,5,0.05464822053909302,7,15.0,1.0,0.006856902036815882,-38.25,22.5
182,0,1,0.7510806918144226,4,23.0,1.0,0.16164188086986542,-38.25,-4.5
182,1,2,0.17892049252986908,5,29.0,1.0,0.008182575926184654,-38.25,4.5
182,2,3,0.03075488470494747,11,38.0,1.0,0.1312137097120285,-29.75,-31.5
182,3,4,0.012021065689623356,14,43.0,1.0,0.01717197522521019,-29.75,-4.5
182,4,5,0.011068042367696762,19,39.0,1.0,0.11172616481781006,-29.75,40.5
183,0,1,0.638420820236206,5,4.0,1.0,0.03560533747076988,-38.25,4.5
183,1,2,0.14481204748153687,7,3.0,2.0,0.01859174109995365,-38.25,22.5
183,2,3,0.09487290680408478,6,9.0,1.0,0.08179004490375519,-38.25,13.5
183,3,4,0.05699063837528229,113,9.0,1.0,0.011124654673039913,-50.400001525878906,40.5
183,4,5,0.029260575771331787,3,18.0,1.0,0.05446046590805054,-38.25,-13.5
184,0,1,0.5249509215354919,112,2.0,1.0,0.17810846865177155,-50.400001525878906,13.5
184,1,2,0.2864498198032379,113,5.0,1.0,0.22393178939819336,-50.400001525878906,40.5
184,2,3,0.07717528194189072,100,13.0,1.0,0.19949261844158173,-38.25,53.75
184,3,4,0.01833336427807808,7,21.0,1.0,0.014196040108799934,-38.25,22.5
184,4,5,0.015162677504122257,6,24.0,1.0,0.008846670389175415,-38.25,13.5
185,0,1,0.9908223748207092,108,0.0,1.0,0.18792246282100677,-50.400001525878906,-53.75
185,1,2,0.007766826078295708,12,30.0,1.0,0.017875399440526962,-29.75,-22.5
185,2,3,0.0007626109290868044,23,40.0,1.0,0.27147558331489563,-21.25,-13.5
185,3,4,0.0002261429763166234,17,51.0,1.0,0.022249847650527954,-29.75,22.5
185,4,5,0.0002074559888569638,24,49.0,1.0,0.14321668446063995,-21.25,-4.5
186,0,1,0.33615487813949585,1,5.0,1.0,0.011549904942512512,-38.25,-31.5
186,1,2,0.25706610083580017,2,8.0,1.0,0.01841416209936142,-38.25,-22.5
186,2,3,0.13768267631530762,112,6.0,1.0,0.01962151750922203,-50.400001525878906,13.5
186,3,4,0.08578977733850479,12,11.0,1.0,0.15698499977588654,-29.75,-22.5
186,4,5,0.07626929879188538,0,9.0,1.0,0.03996702656149864,-38.25,-40.5
187,0,1,0.7476752400398254,22,3.0,1.0,0.0905463844537735,-21.25,-22.5
187,1,2,0.06492198258638382,31,9.0,1.0,0.03182392194867134,-12.75,-31.5
187,2,3,0.054223593324422836,30,8.0,1.0,0.02014336548745632,-12.75,-40.5
187,3,4,0.02685924619436264,34,17.0,1.0,0.009413597173988819,-12.75,-4.5
187,4,5,0.018349912017583847,42,14.0,1.0,0.004966261796653271,-4.25,-22.5
188,0,1,0.3041853904724121,111,5.0,1.0,0.08687902241945267,-50.400001525878906,-13.5
188,1,2,0.24189844727516174,112,8.0,2.0,0.42905548214912415,-50.400001525878906,13.5
188,2,3,0.12332900613546371,113,12.0,1.0,0.05325137451291084,-50.400001525878906,40.5
188,3,4,0.08714532107114792,112,24.0,1.0,0.0016500900965183973,-50.400001525878906,13.5
188,4,5,0.06673122197389603,6,18.0,1.0,2.2535133361816406,-38.25,13.5
189,0,1,0.7882674336433411,23,17.0,1.0,49.12673568725586,-21.25,-13.5
189,1,2,0.13590963184833527,0,1.0,1.0,0.05670807510614395,-38.25,-40.5
189,2,3,0.024427304044365883,104,11.0,1.0,0.029880622401833534,-38.25,-53.75
189,3,4,0.017219746485352516,13,18.0,1.0,3.446268081665039,-29.75,-13.5
189,4,5,0.0075698369182646275,53,48.0,1.0,56.22702407836914,4.25,-13.5
190,0,1,0.3721107244491577,2,12.0,1.0,0.09762144833803177,-38.25,-22.5
190,1,2,0.2881859242916107,2,13.0,1.0,0.024835223332047462,-38.25,-22.5
190,2,3,0.20178523659706116,109,10.0,1.0,0.03188177943229675,-50.400001525878906,53.75
190,3,4,0.02314060367643833,39,39.0,1.0,30.792613983154297,-12.75,40.5
190,4,5,0.02140428125858307,10,21.0,1.0,0.052084870636463165,-29.75,-40.5
191,0,1,0.3143722116947174,110,5.0,1.0,0.05139611288905144,-50.400001525878906,-40.5
191,1,2,0.16215695440769196,110,16.0,1.0,0.002070418559014797,-50.400001525878906,-40.5
191,2,3,0.15135622024536133,111,19.0,1.0,0.05982530489563942,-50.400001525878906,-13.5
191,3,4,0.12493304163217545,112,20.0,1.0,0.025237569585442543,-50.400001525878906,13.5
191,4,5,0.07742185890674591,4,17.0,1.0,0.154996857047081,-38.25,-4.5
192,0,1,0.7733973264694214,111,12.0,1.0,0.01114658173173666,-50.400001525878906,-13.5
192,1,2,0.11557577550411224,100,20.0,1.0,0.01422159280627966,-38.25,53.75
192,2,3,0.036316536366939545,3,27.0,1.0,0.007187461946159601,-38.25,-13.5
192,3,4,0.03393276035785675,15,24.0,1.0,0.01580776460468769,-29.75,4.5
192,4,5,0.012883231043815613,17,26.0,1.0,0.06283216923475266,-29.75,22.5
193,0,1,0.2727639973163605,100,34.0,1.0,0.007101248949766159,-38.25,53.75
193,1,2,0.2517983615398407,2,26.0,1.0,0.03212917968630791,-38.25,-22.5
193,2,3,0.16732780635356903,5,27.0,1.0,0.07856256514787674,-38.25,4.5
193,3,4,0.11260537058115005,5,29.0,1.0,0.02522249147295952,-38.25,4.5
193,4,5,0.0554756335914135,11,31.0,1.0,0.06593836843967438,-29.75,-31.5
194,0,1,0.8354431390762329,6,22.0,1.0,0.09876561164855957,-38.25,13.5
194,1,2,0.12005411833524704,14,31.0,1.0,0.06255193799734116,-29.75,-4.5
194,2,3,0.027013318613171577,18,35.0,1.0,0.017502503469586372,-29.75,31.5
194,3,4,0.013229149393737316,24,39.0,1.0,0.03544916212558746,-21.25,-4.5
194,4,5,0.0008957673562690616,17,69.0,1.0,0.003796764649450779,-29.75,22.5
195,0,1,0.13850542902946472,13,1.0,1.0,0.06917096674442291,-29.75,-13.5
195,1,2,0.13710832595825195,4,1.0,3.0,0.08122601360082626,-38.25,-4.5
195,2,3,0.11035310477018356,13,2.0,1.0,0.15782657265663147,-29.75,-13.5
195,3,4,0.10000701993703842,2,1.0,1.0,0.021168828010559082,-38.25,-22.5
195,4,5,0.07030418515205383,14,4.0,1.0,0.012334641069173813,-29.75,-4.5
196,0,1,0.9020398259162903,7,1.0,1.0,0.017177782952785492,-38.25,22.5
196,1,2,0.06821173429489136,15,18.0,1.0,0.14289972186088562,-29.75,4.5
196,2,3,0.012747115455567837,7,24.0,1.0,0.004696218762546778,-38.25,22.5
196,3,4,0.005398236680775881,18,25.0,1.0,0.020122192800045013,-29.75,31.5
196,4,5,0.0035456661134958267,105,48.0,1.0,0.03625853732228279,-12.75,-53.75
197,0,1,0.1672382801771164,14,0.0,1.0,0.4757935404777527,-29.75,-4.5
197,1,2,0.11536625027656555,54,0.0,20.0,18.134496688842773,4.25,-4.5
197,2,3,0.08928259462118149,24,0.0,1.0,0.5368413925170898,-21.25,-4.5
197,3,4,0.07241442799568176,23,0.0,1.0,0.4180622398853302,-21.25,-13.5
197,4,5,0.0665525272488594,24,1.0,1.0,0.06326131522655487,-21.25,-4.5
198,0,1,0.5993582010269165,113,32.0,1.0,0.004267257638275623,-50.400001525878906,40.5
198,1,2,0.38909441232681274,104,33.0,1.0,0.0041268314234912395,-38.25,-53.75
198,2,3,0.0027769573498517275,13,52.0,1.0,0.008947932161390781,-29.75,-13.5
198,3,4,0.0018999151652678847,9,58.0,1.0,0.003942151553928852,-38.25,40.5
198,4,5,0.001695589511655271,28,46.0,1.0,0.2949579954147339,-21.25,31.5
199,0,1,0.697931706905365,112,0.0,1.0,0.06033169478178024,-50.400001525878906,13.5
199,1,2,0.19209179282188416,26,55.0,1.0,60.38124084472656,-21.25,13.5
199,2,3,0.06679484248161316,100,21.0,1.0,1.0863288640975952,-38.25,53.75
199,3,4,0.0133883748203516,110,68.0,1.0,0.003484960412606597,-50.400001525878906,-40.5
199,4,5,0.011525957845151424,9,23.0,1.0,0.11389383673667908,-38.25,40.5
