detector_id,x_center,y_center
0,-38.25,-40.5
1,-38.25,-31.5
2,-38.25,-22.5
3,-38.25,-13.5
4,-38.25,-4.5
5,-38.25,4.5
6,-38.25,13.5
7,-38.25,22.5
8,-38.25,31.5
9,-38.25,40.5
10,-29.75,-40.5
11,-29.75,-31.5
12,-29.75,-22.5
13,-29.75,-13.5
14,-29.75,-4.5
15,-29.75,4.5
16,-29.75,13.5
17,-29.75,22.5
18,-29.75,31.5
19,-29.75,40.5
20,-21.25,-40.5
21,-21.25,-31.5
22,-21.25,-22.5
23,-21.25,-13.5
24,-21.25,-4.5
25,-21.25,4.5
26,-21.25,13.5
27,-21.25,22.5
28,-21.25,31.5
29,-21.25,40.5
30,-12.75,-40.5
31,-12.75,-31.5
32,-12.75,-22.5
33,-12.75,-13.5
34,-12.75,-4.5
35,-12.75,4.5
36,-12.75,13.5
37,-12.75,22.5
38,-12.75,31.5
39,-12.75,40.5
40,-4.25,-40.5
41,-4.25,-31.5
42,-4.25,-22.5
43,-4.25,-13.5
44,-4.25,-4.5
45,-4.25,4.5
46,-4.25,13.5
47,-4.25,22.5
48,-4.25,31.5
49,-4.25,40.5
50,4.25,-40.5
51,4.25,-31.5
52,4.25,-22.5
53,4.25,-13.5
54,4.25,-4.5
55,4.25,4.5
56,4.25,13.5
57,4.25,22.5
58,4.25,31.5
59,4.25,40.5
60,12.75,-40.5
61,12.75,-31.5
62,12.75,-22.5
63,12.75,-13.5
64,12.75,-4.5
65,12.75,4.5
66,12.75,13.5
67,12.75,22.5
68,12.75,31.5
69,12.75,40.5
70,21.25,-40.5
71,21.25,-31.5
72,21.25,-22.5
73,21.25,-13.5
74,21.25,-4.5
75,21.25,4.5
76,21.25,13.5
77,21.25,22.5
78,21.25,31.5
79,21.25,40.5
80,29.75,-40.5
81,29.75,-31.5
82,29.75,-22.5
83,29.75,-13.5
84,29.75,-4.5
85,29.75,4.5
86,29.75,13.5
87,29.75,22.5
88,29.75,31.5
89,29.75,40.5
90,38.25,-40.5
91,38.25,-31.5
92,38.25,-22.5
93,38.25,-13.5
94,38.25,-4.5
95,38.25,4.5
96,38.25,13.5
97,38.25,22.5
98,38.25,31.5
99,38.25,40.5
100,-38.25,53.75
101,-12.75,53.75
102,12.75,53.75
103,38.25,53.75
104,-38.25,-53.75
105,-12.75,-53.75
106,12.75,-53.75
107,38.25,-53.75
108,-50.4,-53.75
109,-50.4,53.75
110,-50.4,-40.5
111,-50.4,-13.5
112,-50.4,13.5
113,-50.4,40.5
114,50.4,-40.5
115,50.4,-13.5
116,50.4,13.5
117,50.4,40.5
118,50.4,-53.75
119,50.4,53.75
